Rk,Player,Team,Conf,G,Passing_Completions,Passing_Attempts,Passing_Completion_pct,Passing_Yards,Passing_TD,Passing_TD_pct,Passing_INT,Passing_INT_pct,Yards_per_Attempt,Adjusted_Yards_per_Attempt,Yards_per_Completion,Yards_per_Game,Passer_Rating,Awards
1,Mac Jones*,Alabama,SEC,13,311,402,77.4,4500,41,10.2,4,1,11.2,12.79,14.5,346.2,203.1,H-3AA
2,Kyle Trask*,Florida,SEC,12,301,437,68.9,4283,43,9.8,8,1.8,9.8,10.95,14.2,356.9,180,H-4
3,Zach Wilson*,BYU,Ind,12,247,336,73.5,3692,33,9.8,3,0.9,11,12.55,14.9,307.7,196.4,H-8
4,Sam Howell*,North Carolina,ACC,12,237,348,68.1,3586,30,8.6,7,2,10.3,11.12,15.1,298.8,179.1,
5,Dillon Gabriel*,UCF,American,10,248,413,60,3570,32,7.7,4,1,8.6,9.76,14.4,357,156.3,
6,Brady White*,Memphis,American,11,254,420,60.5,3380,31,7.4,10,2.4,8,8.45,13.3,307.3,147.7,
7,Matt Corral*,Ole Miss,SEC,10,231,326,70.9,3337,29,8.9,14,4.3,10.2,10.08,14.4,333.7,177.6,
8,Trevor Lawrence*,Clemson,ACC,10,231,334,69.2,3153,24,7.2,5,1.5,9.4,10.2,13.6,315.3,169.2,H-2
9,Shane Buechele,SMU,American,10,242,370,65.4,3095,23,6.2,6,1.6,8.4,8.88,12.8,309.5,152.9,
10,Spencer Rattler*,Oklahoma,Big 12,11,214,317,67.5,3031,28,8.8,7,2.2,9.6,10.33,14.2,275.5,172.6,
11,Carson Strong*,Nevada,MWC,9,249,355,70.1,2858,27,7.6,4,1.1,8.1,9.06,11.5,317.6,160.6,
12,Ian Book*,Notre Dame,ACC,12,228,353,64.6,2830,15,4.2,3,0.8,8,8.48,12.4,235.8,144.3,H-9
13,Brock Purdy*,Iowa State,Big 12,12,243,365,66.6,2750,19,5.2,9,2.5,7.5,7.47,11.3,229.2,142.1,
14,D'Eriq King*,Miami (FL),ACC,11,211,329,64.1,2686,23,7,5,1.5,8.2,8.88,12.7,244.2,152.7,
15,Malik Cunningham,Louisville,ACC,11,195,304,64.1,2617,20,6.6,12,3.9,8.6,8.15,13.4,237.9,150.3,
16,Jarret Doege*,West Virginia,Big 12,10,239,374,63.9,2587,14,3.7,4,1.1,6.9,7.18,10.8,258.7,132.2,
17,Sam Ehlinger*,Texas,Big 12,10,194,322,60.2,2566,26,8.1,5,1.6,8,8.89,13.2,256.6,150.7,
18,Phil Jurkovec,Boston College,ACC,10,205,336,61,2558,17,5.1,5,1.5,7.6,7.96,12.5,255.8,138.7,
19,Grayson McCall*,Coastal Carolina,Sun Belt,11,172,250,68.8,2488,26,10.4,3,1.2,10,11.49,14.5,226.2,184.3,
20,Bo Nix*,Auburn,SEC,11,214,357,59.9,2415,12,3.4,7,2,6.8,6.55,11.3,219.5,123.9,
21,Kenny Pickett,Pitt,ACC,9,203,332,61.1,2408,13,3.9,9,2.7,7.3,6.82,11.9,267.6,129.6,
22,Connor Bazelak,Missouri,SEC,10,218,324,67.3,2366,7,2.2,6,1.9,7.3,6.9,10.9,236.6,132.1,
23,Desmond Ridder*,Cincinnati,American,10,186,281,66.2,2296,19,6.8,6,2.1,8.2,8.56,12.3,229.6,152.9,
24,Kellen Mond*,Texas A&M,SEC,10,188,297,63.3,2282,19,6.4,3,1,7.7,8.51,12.1,228.2,146.9,
25,Cornelious Brown*,Georgia State,Sun Belt,10,178,304,58.6,2278,17,5.6,10,3.3,7.5,7.13,12.8,227.8,133.4,
26,Levi Lewis*,Louisiana,Sun Belt,11,177,297,59.6,2274,19,6.4,7,2.4,7.7,7.88,12.8,206.7,140.3,
27,Malik Willis*,Liberty,Ind,10,170,265,64.2,2260,20,7.5,6,2.3,8.5,9.02,13.3,226,156.2,
28,Sam Hartman*,Wake Forest,ACC,9,159,273,58.2,2224,13,4.8,5,1.8,8.1,8.27,14,247.1,138.7,
29,Zac Thomas*,Appalachian State,Sun Belt,12,186,291,63.9,2189,20,6.9,11,3.8,7.5,7.2,11.8,182.4,142.2,
30,Nick Starkel*,San Jose State,MWC,8,163,254,64.2,2174,17,6.7,7,2.8,8.6,8.66,13.3,271.8,152.6,
31,Chase Brice,Duke,ACC,11,193,352,54.8,2170,10,2.8,15,4.3,6.2,4.82,11.2,197.3,107.5,
32,Drew Plitt*,Ball State,MAC,8,164,250,65.6,2154,17,6.8,6,2.4,8.6,8.9,13.1,269.3,155.6,
33,Gunnar Watson,Troy,Sun Belt,9,211,301,70.1,2141,16,5.3,7,2.3,7.1,7.13,10.1,237.9,142.7,
34,Brennan Armstrong,Virginia,ACC,9,157,268,58.6,2117,18,6.7,11,4.1,7.9,7.4,13.5,235.2,138.9,
35,Feleipe Franks,Arkansas,SEC,10,163,238,68.5,2107,17,7.1,4,1.7,8.9,9.53,12.9,210.7,163.1,
36,Justin Fields*,Ohio State,Big Ten,8,158,225,70.2,2100,22,9.8,6,2.7,9.3,10.09,13.3,262.5,175.6,H-7
37,Grant Wells*,Marshall,CUSA,10,165,270,61.1,2091,18,6.7,9,3.3,7.7,7.58,12.7,209.1,141.5,
38,Bailey Hockman*,North Carolina State,ACC,10,171,266,64.3,2088,13,4.9,11,4.1,7.8,6.97,12.2,208.8,138.1,
39,Chevan Cordeiro*,Hawaii,MWC,9,195,313,62.3,2083,14,4.5,6,1.9,6.7,6.69,10.7,231.4,129.1,
40,Layne Hatcher,Arkansas State,Sun Belt,11,116,194,59.8,2058,19,9.8,2,1,10.6,12.1,17.7,187.1,179.2,
41,Clayton Tune*,Houston,American,8,170,285,59.6,2048,15,5.3,10,3.5,7.2,6.66,12,256,130.4,
42,Jake Haener,Fresno State,MWC,6,150,232,64.7,2021,14,6,5,2.2,8.7,8.95,13.5,336.8,153.4,
43,Spencer Sanders*,Oklahoma State,Big 12,9,155,247,62.8,2007,14,5.7,8,3.2,8.1,7.8,12.9,223,143.2,
44,Will Rogers*,Mississippi State,SEC,9,239,346,69.1,1976,11,3.2,7,2,5.7,5.44,8.3,219.6,123.5,
45,Asher O'Hara,Middle Tennessee State,CUSA,9,192,288,66.7,1960,12,4.2,8,2.8,6.8,6.39,10.2,217.8,132,
46,Charlie Brewer,Baylor,Big 12,9,198,321,61.7,1958,14,4.4,8,2.5,6.1,5.85,9.9,217.6,122.3,
47,Zach Smith*,Tulsa,American,9,147,263,55.9,1947,13,4.9,10,3.8,7.4,6.68,13.2,216.3,126.8,
48,Ken Seals,Vanderbilt,SEC,9,186,288,64.6,1928,12,4.2,10,3.5,6.7,5.97,10.4,214.2,127.6,
49,Brady McBride,Texas State,Sun Belt,9,173,282,61.3,1925,17,6,7,2.5,6.8,6.91,11.1,213.9,133.6,
50,Holton Ahlers,East Carolina,American,8,165,269,61.3,1921,18,6.7,9,3.3,7.1,6.97,11.6,240.1,136.7,
51,Kedon Slovis,USC,Pac-12,6,177,264,67,1921,17,6.4,7,2.7,7.3,7.37,10.9,320.2,144.1,
52,Desmond Trotter,South Alabama,Sun Belt,10,160,248,64.5,1917,11,4.4,4,1.6,7.7,7.89,12,191.7,140.9,
53,Sean Clifford,Penn State,Big Ten,9,152,251,60.6,1883,16,6.4,9,3.6,7.5,7.16,12.4,209.2,137.4,
54,Jeff Sims,Georgia Tech,ACC,10,141,257,54.9,1881,13,5.1,13,5.1,7.3,6.05,13.3,188.1,122.9,
55,Logan Bonner,Arkansas State,Sun Belt,11,156,262,59.5,1863,18,6.9,6,2.3,7.1,7.45,11.9,169.4,137.4,
56,Michael Pratt*,Tulane,American,10,140,254,55.1,1806,20,7.9,8,3.1,7.1,7.27,12.9,180.6,134.5,
57,Max Duggan,Texas Christian,Big 12,10,146,240,60.8,1795,10,4.2,4,1.7,7.5,7.56,12.3,179.5,134.1,
58,Peyton Ramsey*,Northwestern,Big Ten,9,172,282,61,1733,12,4.3,8,2.8,6.1,5.72,10.1,192.6,121,
59,Kaleb Eleby,Western Michigan,MAC,6,99,153,64.7,1715,18,11.8,2,1.3,11.2,12.97,17.3,285.8,195.1,
60,Preston Hutchinson,Eastern Michigan,MAC,6,126,198,63.6,1657,12,6.1,6,3,8.4,8.22,13.2,276.2,147.9,
61,Austin Aune*,North Texas,CUSA,8,101,185,54.6,1650,13,7,4,2.2,8.9,9.35,16.3,206.3,148.4,
62,Michael Penix Jr.*,Indiana,Big Ten,6,124,220,56.4,1645,14,6.4,4,1.8,7.5,7.93,13.3,274.2,136.5,
63,Frank Harris*,UTSA,CUSA,12,159,250,63.6,1630,12,4.8,6,2.4,6.5,6.4,10.3,135.8,129.4,
64,Tyrrell Pigrome*,Western Kentucky,CUSA,11,171,297,57.6,1603,9,3,2,0.7,5.4,5.7,9.4,145.7,111.6,
65,Alan Bowman,Texas Tech,Big 12,8,150,232,64.7,1602,10,4.3,7,3,6.9,6.41,10.7,200.3,130.8,
66,Spencer Petras,Iowa,Big Ten,8,140,245,57.1,1569,9,3.7,5,2,6.4,6.22,11.2,196.1,119,
67,Tyler Shough*,Oregon,Pac-12,7,106,167,63.5,1559,13,7.8,6,3.6,9.3,9.28,14.7,222.7,160.4,
68,Colby Suits,Louisiana-Monroe,Sun Belt,8,152,249,61,1541,8,3.2,7,2.8,6.2,5.57,10.1,192.6,118,
69,Davis Mills,Stanford,Pac-12,5,129,195,66.2,1508,7,3.6,3,1.5,7.7,7.76,11.7,301.6,139.9,
70,Luke Anthony*,Louisiana Tech,CUSA,9,138,221,62.4,1479,16,7.2,5,2.3,6.7,7.12,10.7,164.3,138,
71,Gavin Hardison,UTEP,CUSA,7,108,199,54.3,1419,5,2.5,5,2.5,7.1,6.5,13.1,202.7,117.4,
72,Collin Hill,South Carolina,SEC,8,127,215,59.1,1411,6,2.8,6,2.8,6.6,5.87,11.1,176.4,117.8,
73,Tanner Morgan,Minnesota,Big Ten,7,106,183,57.9,1374,7,3.8,5,2.7,7.5,7.04,13,196.3,128.2,
74,Ross Bowers,Northern Illinois,MAC,6,123,212,58,1365,10,4.7,2,0.9,6.4,6.96,11.1,227.5,125.8,
75,Jordan McCloud,South Florida,American,8,120,194,61.9,1341,9,4.6,2,1,6.9,7.38,11.2,167.6,133.2,
76,Hendon Hooker,Virginia Tech,ACC,8,98,150,65.3,1339,9,6,5,3.3,8.9,8.63,13.7,167.4,153.5,
77,Kyle Vantrease*,Buffalo,MAC,7,96,154,62.3,1326,7,4.5,3,1.9,8.6,8.64,13.8,189.4,145.8,
78,Chris Reynolds,Charlotte,CUSA,6,96,175,54.9,1305,8,4.6,2,1.1,7.5,7.86,13.6,217.5,130.3,
79,K.J. Costello*,Mississippi State,SEC,6,134,209,64.1,1283,6,2.9,11,5.3,6.1,4.34,9.6,213.8,114.6,
80,Noah Vedral,Rutgers,Big Ten,7,136,221,61.5,1253,9,4.1,8,3.6,5.7,4.86,9.2,179,115.4,
81,Graham Mertz*,Wisconsin,Big Ten,7,118,193,61.1,1238,9,4.7,5,2.6,6.4,6.18,10.5,176.9,125.2,
82,JT Daniels*,Georgia,SEC,4,80,119,67.2,1231,10,8.4,2,1.7,10.3,11.27,15.4,307.8,178.5,
83,Jack Abraham,Southern Mississippi,CUSA,5,97,149,65.1,1224,7,4.7,4,2.7,8.2,7.95,12.6,244.8,144.2,
84,Terry Wilson*,Kentucky,SEC,10,125,200,62.5,1187,7,3.5,4,2,5.9,5.74,9.5,118.7,119.9,
85,Dustin Crum,Kent State,MAC,4,83,113,73.5,1181,12,10.6,2,1.8,10.5,11.78,14.2,295.3,192.7,
86,Stetson Bennett*,Georgia,SEC,8,86,155,55.5,1179,8,5.2,6,3.9,7.6,6.9,13.7,147.4,128.7,
87,Will Howard,Kansas State,Big 12,9,90,168,53.6,1178,8,4.8,10,6,7,5.29,13.1,130.9,116.3,
88,Hank Bachmeier,Boise State,MWC,5,96,156,61.5,1150,6,3.8,2,1.3,7.4,7.56,12,230,133.6,
89,Jason Bean*,North Texas,CUSA,8,79,145,54.5,1131,14,9.7,5,3.4,7.8,8.18,14.3,141.4,145,
90,Dorian Thompson-Robinson,UCLA,Pac-12,5,90,138,65.2,1120,12,8.7,4,2.9,8.1,8.55,12.4,224,156.3,
91,Jarrett Guarantano,Tennessee,SEC,7,103,166,62,1112,6,3.6,4,2.4,6.7,6.34,10.8,158.9,125.4,
92,Myles Brennan,LSU,SEC,3,79,131,60.3,1112,11,8.4,3,2.3,8.5,9.14,14.1,370.7,154.7,
93,Eli Peters,Toledo,MAC,4,88,129,68.2,1106,9,7,2,1.6,8.6,9.27,12.6,276.5,160.2,
94,Sam Noyer*,Colorado,Pac-12,6,88,160,55,1101,6,3.8,7,4.4,6.9,5.66,12.5,183.5,116.4,
95,Rocky Lombardi,Michigan State,Big Ten,6,84,157,53.5,1090,8,5.1,9,5.7,6.9,5.38,13,181.7,117.2,
96,Joe Milton,Michigan,Big Ten,6,80,141,56.7,1077,4,2.8,4,2.8,7.6,6.93,13.5,179.5,124.6,
97,Max Johnson,LSU,SEC,6,88,150,58.7,1069,8,5.3,1,0.7,7.1,7.89,12.1,178.2,134.8,
98,Henry Colombi,Texas Tech,Big 12,6,109,166,65.7,1065,8,4.8,4,2.4,6.4,6.3,9.8,177.5,130.6,
99,Shai Werts*,Georgia Southern,Sun Belt,11,80,133,60.2,1062,8,6,6,4.5,8,7.16,13.3,96.5,138.1,
100,Jordan Travis,Florida State,ACC,8,72,131,55,1056,6,4.6,6,4.6,8.1,6.92,14.7,132,128.6,
101,Adrian Martinez,Nebraska,Big Ten,7,108,151,71.5,1055,4,2.6,3,2,7,6.62,9.8,150.7,135,
102,Jacob Free,Troy,Sun Belt,6,88,152,57.9,1051,6,3.9,5,3.3,6.9,6.22,11.9,175.2,122.4,
103,Rex Culpepper,Syracuse,ACC,10,94,190,49.5,1028,9,4.7,8,4.2,5.4,4.46,10.9,102.8,102.1,
104,Taulia Tagovailoa,Maryland,Big Ten,4,75,122,61.5,1011,7,5.7,7,5.7,8.3,6.85,13.5,252.8,138.5,
105,Bryson Lucero,UAB,CUSA,7,79,146,54.1,969,7,4.8,8,5.5,6.6,5.13,12.3,138.4,114.7,
106,TJ Finley,LSU,SEC,5,80,140,57.1,941,5,3.6,5,3.6,6.7,5.83,11.8,188.2,118.2,
107,Jack Plummer,Purdue,Big Ten,3,88,124,71,938,8,6.5,2,1.6,7.6,8.13,10.7,312.7,152.6,
108,Tyler Vitt,Texas State,Sun Belt,7,74,122,60.7,933,9,7.4,6,4.9,7.6,6.91,12.6,133.3,139.4,
109,Aidan O'Connell,Purdue,Big Ten,3,88,136,64.7,916,7,5.1,2,1.5,6.7,7.1,10.4,305.3,135.3,
110,D.J. Uiagalelei*,Clemson,ACC,10,78,117,66.7,914,5,4.3,0,0,7.8,8.67,11.7,91.4,146.4,
111,Nick Tronti*,Florida Atlantic,CUSA,9,89,167,53.3,905,6,3.6,3,1.8,5.4,5.33,10.2,100.6,107.1,
112,Dylan Morris,Washington,Pac-12,4,67,110,60.9,897,4,3.6,3,2.7,8.2,7.65,13.4,224.3,136,
113,Devin Leary*,North Carolina State,ACC,4,66,110,60,890,8,7.3,2,1.8,8.1,8.73,13.5,222.5,148.3,
114,Jayden De Laura,Washington State,Pac-12,4,78,129,60.5,886,5,3.9,4,3.1,6.9,6.25,11.4,221.5,124.7,
115,Jake Bentley,Utah,Pac-12,5,77,124,62.1,882,6,4.8,6,4.8,7.1,5.9,11.5,176.4,128.1,
116,Levi Williams,Wyoming,MWC,6,59,119,49.6,877,1,0.8,3,2.5,7.4,6.4,14.9,146.2,109.2,
117,Anthony Russo,Temple,American,4,92,135,68.1,863,9,6.7,6,4.4,6.4,5.73,9.4,215.8,135,
118,Carter Bradley,Toledo,MAC,4,55,89,61.8,849,9,10.1,5,5.6,9.5,9.03,15.4,212.3,164.1,
119,Tyler Johnston III,UAB,CUSA,5,57,97,58.8,843,7,7.2,1,1,8.7,9.67,14.8,168.6,153.5,
120,Tristan Gebbia,Oregon State,Pac-12,4,80,129,62,824,3,2.3,3,2.3,6.4,5.81,10.3,206,118.7,
121,Michael Collins,Rice,CUSA,3,53,86,61.6,802,10,11.6,1,1.2,9.3,11.13,15.1,267.3,176,
122,Max Gilliam,Nevada-Las Vegas,MWC,6,89,148,60.1,786,5,3.4,4,2.7,5.3,4.77,8.8,131,110.5,
123,Zach Gibson,Akron,MAC,6,76,132,57.6,784,4,3,5,3.8,5.9,4.84,10.3,130.7,109.9,
124,Chase Garbers,California,Pac-12,4,85,136,62.5,771,6,4.4,3,2.2,5.7,5.56,9.1,192.8,120.3,
125,Daniel Richardson,Central Michigan,MAC,5,64,100,64,769,4,4,2,2,7.7,7.59,12,153.8,137.8,
126,Jeremy Hunt,Louisiana-Monroe,Sun Belt,7,70,129,54.3,742,6,4.7,4,3.1,5.8,5.29,10.6,106,111.7,
127,Jalon Daniels,Kansas,Big 12,7,76,152,50,718,1,0.7,4,2.6,4.7,3.67,9.4,102.6,86.6,
128,Matt McDonald,Bowling Green,MAC,5,54,123,43.9,712,1,0.8,6,4.9,5.8,3.76,13.2,142.4,85.5,
129,Jayden Daniels,Arizona State,Pac-12,4,49,84,58.3,701,5,6,1,1.2,8.3,9,14.3,175.3,145.7,
130,Braxton Burmeister,Virginia Tech,ACC,6,48,84,57.1,687,2,2.4,1,1.2,8.2,8.12,14.3,114.5,131.3,
131,Miles Kendrick,Kansas,Big 12,7,73,120,60.8,647,6,5,5,4.2,5.4,4.52,8.9,92.4,114.3,
132,Skylar Thompson,Kansas State,Big 12,3,40,64,62.5,626,4,6.3,0,0,9.8,11.03,15.7,208.7,165.3,
133,Grant Gunnell,Arizona,Pac-12,4,64,93,68.8,625,6,6.5,2,2.2,6.7,7.04,9.8,156.3,142.3,
134,Chance Lovertich,South Alabama,Sun Belt,6,47,86,54.7,619,5,5.8,2,2.3,7.2,7.31,13.2,103.2,129.6,
135,Carson Baker,San Diego State,MWC,6,59,104,56.7,617,3,2.9,3,2.9,5.9,5.21,10.5,102.8,110.3,
136,Aaron Allen*,Louisiana Tech,CUSA,10,73,121,60.3,602,4,3.3,8,6.6,5,2.66,8.2,60.2,99.8,
137,Tommy Devito,Syracuse,ACC,4,48,96,50,593,4,4.2,2,2.1,6.2,6.07,12.4,148.3,111.5,
138,Patrick O'Brien,Colorado State,MWC,4,45,80,56.3,591,3,3.8,2,2.5,7.4,7.01,13.1,147.8,125.7,
139,Payton Thorne,Michigan State,Big Ten,4,48,85,56.5,582,3,3.5,3,3.5,6.8,5.96,12.1,145.5,118.6,
140,Dalen Morris,Navy,American,9,33,65,50.8,579,3,4.6,2,3.1,8.9,8.45,17.5,64.3,134.7,
141,Dalen Morris,Navy,American,9,33,65,50.8,579,3,4.6,2,3.1,8.9,8.45,17.5,64.3,134.7,
142,Harrison Bailey,Tennessee,SEC,6,48,68,70.6,578,4,5.9,2,2.9,8.5,8.35,12,96.3,155.5,
143,Dennis Grosel,Boston College,ACC,3,37,54,68.5,568,6,11.1,3,5.6,10.5,10.24,15.4,189.3,182.4,
144,Shane Illingworth*,Oklahoma State,Big 12,4,41,70,58.6,554,4,5.7,1,1.4,7.9,8.41,13.5,138.5,141.1,
145,Chance Nolan,Oregon State,Pac-12,4,46,91,50.5,537,6,6.6,2,2.2,5.9,6.23,11.7,134.3,117.5,
146,Trae Hall,New Mexico,MWC,4,53,101,52.5,518,0,0,3,3,5.1,3.79,9.8,129.5,89.6,
147,Tevaka Tuioti,New Mexico,MWC,2,37,66,56.1,475,4,6.1,1,1.5,7.2,7.73,12.8,237.5,133.5,
148,Luke McCaffrey,Nebraska,Big Ten,7,48,76,63.2,466,1,1.3,6,7.9,6.1,2.84,9.7,66.6,103.2,
149,Tate Whatley,Southern Mississippi,CUSA,4,37,65,56.9,460,3,4.6,2,3.1,7.1,6.62,12.4,115,125.4,
150,Noah Johnson,South Florida,American,6,48,77,62.3,459,3,3.9,1,1.3,6,6.16,9.6,76.5,122.7,
151,Chase Griffin,UCLA,Pac-12,4,40,62,64.5,451,6,9.7,2,3.2,7.3,7.76,11.3,112.8,151.1,
152,Lindell Stone,Virginia,ACC,6,60,102,58.8,449,4,3.9,3,2.9,4.4,3.86,7.5,74.8,102.9,
153,Artur Sitkowski,Rutgers,Big Ten,4,52,81,64.2,444,3,3.7,0,0,5.5,6.22,8.5,111,122.5,
154,Haaziq Daniels,Air Force,MWC,6,30,54,55.6,433,3,5.6,3,5.6,8,6.63,14.4,72.2,130.1,
155,Trey Lowe III,Southern Mississippi,CUSA,4,36,59,61,433,2,3.4,3,5.1,7.3,5.73,12,108.3,123.7,
156,Brandon Peters,Illinois,Big Ten,5,39,80,48.8,429,3,3.8,0,0,5.4,6.11,11,85.8,106.2,
157,Cade McNamara,Michigan,Big Ten,4,43,71,60.6,425,5,7,0,0,6,7.39,9.9,106.3,134.1,
158,Will Levis,Penn State,Big Ten,8,33,55,60,421,1,1.8,0,0,7.7,8.02,12.8,52.6,130.3,
159,Jason Shelley,Utah State,MWC,4,51,99,51.5,420,2,2,2,2,4.2,3.74,8.2,105,89.8,
160,Lowell Narcisse*,UTSA,CUSA,4,35,56,62.5,417,3,5.4,0,0,7.4,8.52,11.9,104.3,142.7,
161,Jordon Brookshire,San Diego State,MWC,3,42,74,56.8,410,2,2.7,2,2.7,5.5,4.86,9.8,136.7,106.8,
162,Luke Doty,South Carolina,SEC,8,43,71,60.6,405,2,2.8,3,4.2,5.7,4.37,9.4,50.6,109.3,
163,Joey Yellen,Pitt,ACC,6,35,78,44.9,402,1,1.3,3,3.8,5.2,3.68,11.5,67,84.7,
164,Javion Posey*,Florida Atlantic,CUSA,6,33,63,52.4,395,2,3.2,3,4.8,6.3,4.76,12,65.8,106,
165,Tanner Mordecai*,Oklahoma,Big 12,4,32,40,80,395,2,5,1,2.5,9.9,9.75,12.3,98.8,174.5,
166,Isaiah Williams,Illinois,Big Ten,6,26,63,41.3,393,4,6.3,2,3.2,6.2,6.08,15.1,65.5,108.3,
167,Andrew Peasley,Utah State,MWC,5,37,69,53.6,391,4,5.8,3,4.3,5.7,4.87,10.6,78.2,111.7,
168,Will Plummer,Arizona,Pac-12,3,43,80,53.8,388,0,0,3,3.8,4.9,3.16,9,129.3,87,
169,Kurtis Rourke,Ohio,MAC,3,30,44,68.2,386,3,6.8,0,0,8.8,10.14,12.9,128.7,164.4,
170,Brett Gabbert,Miami (OH),MAC,3,23,35,65.7,384,4,11.4,0,0,11,13.26,16.7,128,195.6,
171,Coran Taylor,Illinois,Big Ten,2,23,46,50,379,3,6.5,2,4.3,8.2,7.59,16.5,189.5,132,
172,Kevaris Thomas*,Western Kentucky,CUSA,3,37,70,52.9,369,3,4.3,2,2.9,5.3,4.84,10,123,105.6,
173,James Blackman,Florida State,ACC,4,43,76,56.6,366,2,2.6,3,3.9,4.8,3.57,8.5,91.5,97.8,
174,Jack Tuttle*,Indiana,Big Ten,3,44,72,61.1,362,2,2.8,1,1.4,5,4.96,8.2,120.7,109.7,
175,Jonah Johnson,New Mexico State,Ind,2,36,60,60,358,1,1.7,3,5,6,4.05,9.9,179,105.6,
176,Ty Brock,Central Michigan,MAC,5,38,65,58.5,351,2,3.1,2,3.1,5.4,4.63,9.2,70.2,107.8,
177,N'Kosi Perry*,Miami (FL),ACC,5,26,47,55.3,348,3,6.4,1,2.1,7.4,7.72,13.4,69.6,134.3,
178,Tyger Goslin,Navy,American,4,15,35,42.9,333,3,8.6,1,2.9,9.5,9.94,22.2,83.3,145.3,
179,Jack Sears,Boise State,MWC,3,23,27,85.2,332,3,11.1,0,0,12.3,14.52,14.4,110.7,225.1,
180,AJ Mayer,Miami (OH),MAC,3,23,49,46.9,328,4,8.2,1,2,6.7,7.41,14.3,109.3,126,
181,JT Shrout,Tennessee,SEC,4,24,42,57.1,315,4,9.5,3,7.1,7.5,6.19,13.1,78.8,137.3,
182,Keon Howard*,Tulane,American,6,25,58,43.1,314,1,1.7,1,1.7,5.4,4.98,12.6,52.3,90.8,
183,K.J. Jefferson,Arkansas,SEC,5,20,41,48.8,295,3,7.3,0,0,7.2,8.66,14.8,59,133.4,
184,JaCobian Morgan,Syracuse,ACC,4,31,49,63.3,285,2,4.1,2,4.1,5.8,4.8,9.2,71.3,117.4,
185,Max Bortenschlager,Florida International,CUSA,5,22,48,45.8,284,2,4.2,1,2.1,5.9,5.81,12.9,56.8,105.1,
186,Fred Payton*,Coastal Carolina,Sun Belt,9,18,36,50,283,3,8.3,2,5.6,7.9,7.03,15.7,31.4,132.4,
187,Josh Adkins*,UTSA,CUSA,5,18,33,54.5,270,1,3,0,0,8.2,8.79,15,54,133.3,
188,Davis Brin*,Tulsa,American,2,19,29,65.5,268,2,6.9,0,0,9.2,10.62,14.1,134,165.9,
189,Baylor Romney*,BYU,Ind,7,24,35,68.6,261,1,2.9,1,2.9,7.5,6.74,10.9,37.3,134.9,
190,Calvin Brownholtz,UTEP,CUSA,8,18,37,48.6,255,2,5.4,4,10.8,6.9,3.11,14.2,31.9,102.8,
191,Michael Kern*,Wake Forest,ACC,5,12,24,50,253,0,0,0,0,10.5,10.54,21.1,50.6,138.6,
192,Stone Norton,Florida International,CUSA,5,25,52,48.1,252,3,5.8,0,0,4.8,6,10.1,50.4,107.8,
193,Isaiah Chavez,New Mexico,MWC,3,19,28,67.9,251,2,7.1,0,0,9,10.39,13.2,83.7,166.7,
194,Re-al Mitchell,Temple,American,3,26,52,50,233,1,1.9,2,3.8,4.5,3.13,9,77.7,86.3,
195,Trad Beatty,Temple,American,2,17,27,63,230,1,3.7,1,3.7,8.5,7.59,13.5,115,139.3,
196,Casey Thompson*,Texas,Big 12,3,12,17,70.6,225,6,35.3,0,0,13.2,20.29,18.8,75,298.2,
197,Jovoni Johnson,Rice,CUSA,4,27,37,73,225,1,2.7,0,0,6.1,6.62,8.3,56.3,133,
198,Emory Jones*,Florida,SEC,9,18,32,56.3,221,2,6.3,1,3.1,6.9,6.75,12.3,24.6,128.6,
199,Chubba Purdy,Florida State,ACC,3,27,53,50.9,219,2,3.8,1,1.9,4.1,4.04,8.1,73,94.3,
200,Eric Najarian,Maryland,Big Ten,1,12,23,52.2,218,2,8.7,0,0,9.5,11.22,18.2,218,160.5,
201,Christian Anderson*,Army,Ind,7,20,47,42.6,215,1,2.1,4,8.5,4.6,1.17,10.8,30.7,71,
202,Garrett Dzuro,Massachusetts,Ind,3,15,36,41.7,215,0,0,2,5.6,6,3.47,14.3,71.7,80.7,
203,Nick Nash*,San Jose State,MWC,8,20,34,58.8,213,2,5.9,2,5.9,6.3,4.79,10.7,26.6,119.1,
204,Todd Centeio,Colorado State,MWC,3,14,36,38.9,207,1,2.8,1,2.8,5.8,5.06,14.8,69,90.8,
205,Chris Ferguson*,Liberty,Ind,6,19,37,51.4,197,4,10.8,0,0,5.3,7.49,10.4,32.8,131.8,
206,Shawn Robinson,Missouri,SEC,5,20,29,69,185,1,3.4,0,0,6.4,7.07,9.3,37,133.9,
207,Lucas Johnson,San Diego State,MWC,3,14,24,58.3,184,1,4.2,0,0,7.7,8.5,13.1,61.3,136.5,
208,Cade Fennegan,Boise State,MWC,3,15,28,53.6,182,2,7.1,1,3.6,6.5,6.32,12.1,60.7,124.6,
209,Matthew Downing,Texas Christian,Big 12,4,17,30,56.7,168,1,3.3,1,3.3,5.6,4.77,9.9,42,108,
210,Will Koch,Massachusetts,Ind,3,24,40,60,166,1,2.5,1,2.5,4.2,3.53,6.9,55.3,98.1,
211,Anthony Brown*,Oregon,Pac-12,2,15,23,65.2,164,2,8.7,0,0,7.1,8.87,10.9,82,153.8,
212,Austin Kendall*,West Virginia,Big 12,2,11,23,47.8,164,2,8.7,0,0,7.1,8.87,14.9,82,136.4,
213,Gunnar Holmberg,Duke,ACC,6,18,25,72,161,0,0,2,8,6.4,2.84,8.9,26.8,110.1,
214,Justin Rogers,Nevada-Las Vegas,MWC,3,14,22,63.6,161,1,4.5,0,0,7.3,8.23,11.5,53.7,140.1,
215,Justin Tomlin*,Georgia Southern,Sun Belt,8,11,25,44,161,0,0,3,12,6.4,1.04,14.6,20.1,74.1,
216,Bryce Young*,Alabama,SEC,8,13,22,59.1,156,1,4.5,0,0,7.1,8,12,19.5,133.7,
217,Jemel Jones*,Army,Ind,5,9,19,47.4,156,2,10.5,2,10.5,8.2,5.58,17.3,31.2,130,
218,Jack West,Stanford,Pac-12,1,13,19,68.4,154,0,0,0,0,8.1,8.11,11.8,154,136.5,
219,Drew Lisk,Utah,Pac-12,1,15,26,57.7,152,0,0,0,0,5.8,5.85,10.1,152,106.8,
220,Doug Brumfield,Nevada-Las Vegas,MWC,2,9,21,42.9,151,0,0,0,0,7.2,7.19,16.8,75.5,103.3,
221,Tanner McGee,South Alabama,Sun Belt,2,6,8,75,145,2,25,0,0,18.1,23.13,24.2,72.5,309.8,
222,Ben Finley*,North Carolina State,ACC,1,13,20,65,143,1,5,2,10,7.2,3.65,11,143,121.6,
223,Miller Mosley*,Georgia Southern,Sun Belt,4,6,15,40,131,1,6.7,2,13.3,8.7,4.07,21.8,32.8,108.7,
224,Tate Rodemaker,Florida State,ACC,4,17,29,58.6,130,0,0,3,10.3,4.5,-0.17,7.6,32.5,75.6,
225,Hunter Dekkers*,Iowa State,Big 12,3,5,7,71.4,118,1,14.3,0,0,16.9,19.71,23.6,39.3,260.2,
226,Ben Wooldridge,Fresno State,MWC,2,8,16,50,117,0,0,0,0,7.3,7.31,14.6,58.5,111.4,
227,Collin Schlee,Kent State,MAC,3,7,13,53.8,113,2,15.4,0,0,8.7,11.77,16.1,37.7,177.6,
228,Joey Gatewood*,Kentucky,SEC,7,17,35,48.6,109,0,0,1,2.9,3.1,1.83,6.4,15.6,69,
229,Cade Ballard*,Army,Ind,3,2,4,50,106,1,25,0,0,26.5,31.5,53,35.3,355.1,
230,Mason Garcia,East Carolina,American,3,10,23,43.5,104,0,0,0,0,4.5,4.52,10.4,34.7,81.5,
231,Cammon Cooper,Washington State,Pac-12,2,11,16,68.8,99,0,0,0,0,6.2,6.19,9,49.5,120.7,
232,Connor Genal,New Mexico,MWC,2,11,18,61.1,98,0,0,2,11.1,5.4,0.44,8.9,49,84.6,
233,Brendon Lewis*,Colorado,Pac-12,1,6,10,60,95,0,0,0,0,9.5,9.5,15.8,95,139.8,
234,Kamal Gray,Temple,American,1,10,21,47.6,95,0,0,2,9.5,4.5,0.24,9.5,95,66.6,
235,Kalil Pimpleton,Central Michigan,MAC,6,4,7,57.1,94,1,14.3,0,0,13.4,16.29,23.5,15.7,217.1,
236,Quincy Patterson,Virginia Tech,ACC,3,7,10,70,93,2,20,0,0,9.3,13.3,13.3,31,214.1,
237,Johnny Langan,Rutgers,Big Ten,9,10,13,76.9,92,2,15.4,1,7.7,7.1,6.69,9.2,10.2,171.8,
238,Katravis Marsh,South Florida,American,4,14,31,45.2,92,0,0,3,9.7,3,-1.39,6.6,23,50.7,
239,Lance Legendre,Maryland,Big Ten,3,11,14,78.6,91,0,0,2,14.3,6.5,0.07,8.3,30.3,104.6,
240,Ben Bryant*,Cincinnati,American,8,11,14,78.6,90,1,7.1,0,0,6.4,7.86,8.2,11.3,156.1,
241,D'Wan Mathis*,Georgia,SEC,4,12,30,40,89,1,3.3,3,10,3,-0.87,7.4,22.3,55.9,
242,James Graham,Georgia Tech,ACC,2,6,13,46.2,85,0,0,0,0,6.5,6.54,14.2,42.5,101.1,
243,Kaylan Wiggins,Florida International,CUSA,3,11,30,36.7,81,0,0,1,3.3,2.7,1.2,7.4,27,52.7,
244,JD Head*,Louisiana Tech,CUSA,2,9,14,64.3,78,0,0,1,7.1,5.6,2.36,8.7,39,96.8,
245,Hunter Helms*,Clemson,ACC,3,9,12,75,77,2,16.7,0,0,6.4,9.75,8.6,25.7,183.9,
246,Johnathan Bennett*,Liberty,Ind,4,4,5,80,77,1,20,1,20,15.4,10.4,19.3,19.3,235.4,
247,Ethan Bullock*,Oklahoma State,Big 12,2,11,20,55,74,0,0,1,5,3.7,1.45,6.7,37,76.1,
248,Jordan Weeks*,UTSA,CUSA,2,9,27,33.3,74,0,0,1,3.7,2.7,1.07,8.2,37,48.9,
249,Chase Cunningham,Middle Tennessee State,CUSA,3,9,17,52.9,73,0,0,2,11.8,4.3,-1,8.1,24.3,65.5,
250,Brady Cook,Missouri,SEC,3,6,7,85.7,72,1,14.3,0,0,10.3,13.14,12,24,219.3,
251,Knox Kadum,Virginia Tech,ACC,1,4,6,66.7,68,0,0,0,0,11.3,11.33,17,68,161.9,
252,John Rhys Plumlee*,Ole Miss,SEC,7,5,7,71.4,65,1,14.3,0,0,9.3,12.14,13,9.3,196.6,
253,Ben Gulbranson,Oregon State,Pac-12,1,6,9,66.7,64,1,11.1,0,0,7.1,9.33,10.7,64,163.1,
254,Tanner McKee,Stanford,Pac-12,1,3,7,42.9,62,0,0,0,0,8.9,8.86,20.7,62,117.3,
255,Weston Eget,New Mexico State,Ind,1,6,8,75,61,1,12.5,0,0,7.6,10.13,10.2,61,180.3,
256,Seth Boomer*,Tulsa,American,2,7,13,53.8,60,0,0,1,7.7,4.6,1.15,8.6,30,77.2,
257,Haynes King*,Texas A&M,SEC,2,2,4,50,59,1,25,1,25,14.8,8.5,29.5,29.5,206.4,
258,Logan Holgorsen*,Houston,American,4,4,9,44.4,57,0,0,0,0,6.3,6.33,14.3,14.3,97.6,
259,Mitch Griffis*,Wake Forest,ACC,4,4,13,30.8,56,1,7.7,0,0,4.3,5.85,14,14,92.3,
260,Tyler Page,SMU,American,9,1,3,33.3,55,0,0,0,0,18.3,18.33,55,6.1,187.3,
261,Tyler Page,SMU,American,9,1,3,33.3,55,0,0,0,0,18.3,18.33,55,6.1,187.3,
262,T.J. Deshields,Akron,MAC,2,7,16,43.8,54,0,0,1,6.3,3.4,0.56,7.7,27,59.6,
263,Tyjon Lindsey,Oregon State,Pac-12,6,2,2,100,54,1,50,0,0,27,37,27,9,491.8,
264,Nick Ast,Kansas State,Big 12,3,7,14,50,53,0,0,0,0,3.8,3.79,7.6,17.7,81.8,
265,Tyhier Tyler*,Army,Ind,7,2,4,50,53,0,0,0,0,13.3,13.25,26.5,7.6,161.3,
266,Rhett Rodriguez,Arizona,Pac-12,1,7,16,43.8,52,0,0,2,12.5,3.3,-2.38,7.4,52,46.1,
267,Ricky Pearsall,Arizona State,Pac-12,4,1,1,100,52,0,0,0,0,52,52,52,13,536.8,
268,Mike Wright,Vanderbilt,SEC,6,6,10,60,51,1,10,1,10,5.1,2.6,8.5,8.5,115.8,
269,Kason Martin*,North Texas,CUSA,5,5,6,83.3,49,1,16.7,0,0,8.2,11.5,9.8,9.8,206.9,
270,Armani Rogers,Ohio,MAC,3,5,9,55.6,48,1,11.1,0,0,5.3,7.56,9.6,16,137,
271,Evan Conley,Louisville,ACC,4,4,5,80,48,0,0,0,0,9.6,9.6,12,12,160.6,
272,Jeff Foreman,Arkansas State,Sun Belt,11,1,2,50,48,1,50,1,50,24,11.5,48,4.4,316.6,
273,Riley Lees*,Northwestern,Big Ten,9,2,2,100,48,0,0,0,0,24,24,24,5.3,301.6,
274,Cameron Rising,Utah,Pac-12,1,3,6,50,45,0,0,1,16.7,7.5,0,15,45,79.7,
275,Dontario Drummond*,Ole Miss,SEC,10,1,1,100,45,0,0,0,0,45,45,45,4.5,478,
276,Andrew Haidet,Northern Illinois,MAC,4,3,6,50,44,1,16.7,0,0,7.3,10.67,14.7,11,166.6,
277,Bryson Carroll,New Mexico,MWC,7,2,2,100,44,2,100,0,0,22,42,22,6.3,614.8,
278,Mike Fallon,Massachusetts,Ind,1,7,12,58.3,41,0,0,1,8.3,3.4,-0.33,5.9,41,70.4,
279,Beau Allen*,Kentucky,SEC,2,3,7,42.9,40,0,0,0,0,5.7,5.71,13.3,20,90.9,
280,Chris Katrenick,Duke,ACC,1,2,3,66.7,40,0,0,0,0,13.3,13.33,20,40,178.7,
281,Cade Fortin,South Florida,American,2,4,8,50,39,0,0,0,0,4.9,4.88,9.8,19.5,91,
282,Chandler Morris*,Oklahoma,Big 12,5,3,5,60,39,0,0,0,0,7.8,7.8,13,7.8,125.5,
283,Josiah Johnson,Massachusetts,Ind,4,6,9,66.7,39,0,0,1,11.1,4.3,-0.67,6.5,9.8,80.8,
284,Roshauud Paul,Arkansas State,Sun Belt,9,2,2,100,39,1,50,0,0,19.5,29.5,19.5,4.3,428.8,
285,Elijah Gainey,South Alabama,Sun Belt,10,6,9,66.7,38,0,0,0,0,4.2,4.22,6.3,3.8,102.1,
286,Luca Diamont,Duke,ACC,1,5,8,62.5,38,0,0,1,12.5,4.8,-0.88,7.6,38,77.4,
287,Luke Zban*,Marshall,CUSA,4,6,8,75,38,1,12.5,0,0,4.8,7.25,6.3,9.5,156.2,
288,Warren Bryan,Air Force,MWC,3,3,6,50,38,0,0,0,0,6.3,6.33,12.7,12.7,103.2,
289,Gavin Beerup,Wyoming,MWC,2,2,13,15.4,37,0,0,2,15.4,2.8,-4.08,18.5,18.5,8.5,
290,Branden Mack,Temple,American,7,1,3,33.3,35,0,0,0,0,11.7,11.67,35,5,131.3,
291,Mike Diliello,Middle Tennessee State,CUSA,1,3,4,75,35,1,25,0,0,8.8,13.75,11.7,35,231,
292,Tyler Snead,East Carolina,American,9,1,1,100,35,1,100,0,0,35,55,35,3.9,724,
293,Gunner Cruz,Washington State,Pac-12,1,5,7,71.4,34,1,14.3,0,0,4.9,7.71,6.8,34,159.4,
294,Jacob Huesman*,Appalachian State,Sun Belt,6,3,4,75,34,0,0,0,0,8.5,8.5,11.3,5.7,146.4,
295,Nash Griffin,Virginia,ACC,10,2,2,100,34,0,0,0,0,17,17,17,3.4,242.8,
296,Rodney Thompson,Northern Illinois,MAC,2,1,2,50,34,0,0,0,0,17,17,34,17,192.8,
297,Ryan Hilinski,South Carolina,SEC,2,4,6,66.7,34,0,0,0,0,5.7,5.67,8.5,17,114.3,
298,Paxton Brooks,Tennessee,SEC,10,2,3,66.7,33,0,0,0,0,11,11,16.5,3.3,159.1,
299,Dominique Shoffner,Charlotte,CUSA,4,2,4,50,32,2,50,0,0,8,18,16,8,282.2,
300,Neil Pau'u*,BYU,Ind,12,2,3,66.7,32,0,0,0,0,10.7,10.67,16,2.7,156.3,
301,Ben Brittain,Air Force,MWC,2,1,1,100,31,0,0,0,0,31,31,31,15.5,360.4,
302,Thayer Thomas*,North Carolina State,ACC,12,1,3,33.3,31,1,33.3,0,0,10.3,17,31,2.6,230.1,
303,Davis Beville,Pitt,ACC,6,5,10,50,30,0,0,0,0,3,3,6,5,75.2,
304,Terrance Gipson,SMU,American,4,3,3,100,30,0,0,0,0,10,10,10,7.5,184,
305,Chase Wolf*,Wisconsin,Big Ten,3,6,8,75,29,1,12.5,2,25,3.6,-5.13,4.8,9.7,96.7,
306,Deon Jackson,Duke,ACC,11,1,1,100,29,1,100,0,0,29,49,29,2.6,673.6,
307,Keke Chism,Missouri,SEC,9,1,1,100,29,0,0,0,0,29,29,29,3.2,343.6,
308,Dylan Soehner*,Iowa State,Big 12,11,1,1,100,28,0,0,0,0,28,28,28,2.5,335.2,
309,Anthony Richardson*,Florida,SEC,4,1,2,50,27,1,50,1,50,13.5,1,27,6.8,228.4,
310,Wiley Green,Rice,CUSA,1,2,10,20,27,0,0,1,10,2.7,-1.8,13.5,27,22.7,
311,Xavier Arline,Navy,American,5,4,12,33.3,27,0,0,0,0,2.3,2.25,6.8,5.4,52.2,
312,Andy Peters,Boise State,MWC,1,4,8,50,26,0,0,0,0,3.3,3.25,6.5,26,77.3,
313,Jared Cole,Massachusetts,Ind,4,1,1,100,25,0,0,0,0,25,25,25,6.3,310,
314,Mikele Colasurdo*,Georgia State,Sun Belt,4,1,3,33.3,25,1,33.3,0,0,8.3,15,25,6.3,213.3,
315,Garrett Greene*,West Virginia,Big 12,2,3,4,75,24,0,0,0,0,6,6,8,12,125.4,
316,Thomas MacVittie,Kansas,Big 12,2,6,10,60,24,0,0,1,10,2.4,-2.1,4,12,60.2,
317,Trenton Bourguet,Arizona State,Pac-12,1,1,2,50,24,0,0,0,0,12,12,24,24,150.8,
318,Kai Kroeger,South Carolina,SEC,10,1,1,100,22,0,0,0,0,22,22,22,2.2,284.8,
319,Malik Williams*,Appalachian State,Sun Belt,11,1,3,33.3,22,1,33.3,0,0,7.3,14,22,2,204.9,
320,Matt Robinson,Illinois,Big Ten,2,3,4,75,22,0,0,0,0,5.5,5.5,7.3,11,121.2,
321,Bryson Smith*,Houston,American,7,1,1,100,21,0,0,0,0,21,21,21,3,276.4,
322,Jai'ave Magalei*,Louisiana,Sun Belt,1,3,4,75,20,1,25,0,0,5,10,6.7,20,199.5,
323,Seth Green,Minnesota,Big Ten,7,1,1,100,20,0,0,0,0,20,20,20,2.9,268,
324,Tayvion Robinson,Virginia Tech,ACC,11,1,1,100,20,0,0,0,0,20,20,20,1.8,268,
325,Jacob Zeno,Baylor,Big 12,1,5,8,62.5,18,0,0,0,0,2.3,2.25,3.6,18,81.4,
326,Randall St. Felix,South Florida,American,8,1,1,100,18,0,0,0,0,18,18,18,2.3,251.2,
327,Jawon Pass,Louisville,ACC,3,2,3,66.7,17,0,0,0,0,5.7,5.67,8.5,5.7,114.3,
328,Nick Patti,Pitt,ACC,2,2,5,40,17,0,0,0,0,3.4,3.4,8.5,8.5,68.6,
329,Taisun Phommachanh*,Clemson,ACC,4,5,17,29.4,17,0,0,1,5.9,1,-1.65,3.4,4.3,26,
330,Chritauskie Dove,Missouri,SEC,10,1,1,100,16,0,0,0,0,16,16,16,1.6,234.4,
331,Jacolby Criswell*,North Carolina,ACC,6,3,4,75,16,0,0,1,25,4,-7.25,5.3,2.7,58.6,
332,Jordan Yates,Georgia Tech,ACC,3,4,9,44.4,16,0,0,0,0,1.8,1.78,4,5.3,59.4,
333,Brevin Jordan*,Miami (FL),ACC,8,1,1,100,15,0,0,0,0,15,15,15,1.9,226,
334,Kyle Williams,Nevada-Las Vegas,MWC,6,1,1,100,15,0,0,0,0,15,15,15,2.5,226,
335,Maasai Maynor,Navy,American,1,2,3,66.7,14,0,0,1,33.3,4.7,-10.33,7,14,39.2,
336,Perry Olsen,Navy,American,1,2,4,50,14,0,0,0,0,3.5,3.5,7,14,79.4,
337,Griffin Fleming,Southern Mississippi,CUSA,9,1,1,100,13,0,0,0,0,13,13,13,1.4,209.2,
338,Tyler Lytle*,Colorado,Pac-12,2,4,7,57.1,13,0,0,0,0,1.9,1.86,3.3,6.5,72.7,
339,Will Spiers*,Clemson,ACC,12,2,3,66.7,13,0,0,0,0,4.3,4.33,6.5,1.1,103.1,
340,Alex Padilla,Iowa,Big Ten,2,1,2,50,12,0,0,0,0,6,6,12,6,100.4,
341,Drew Pyne*,Notre Dame,ACC,4,2,3,66.7,12,0,0,0,0,4,4,6,3,100.3,
342,Kadarius Toney*,Florida,SEC,11,1,2,50,12,0,0,0,0,6,6,12,1.1,100.4,
343,Garret Kahmann,Louisiana-Monroe,Sun Belt,2,2,3,66.7,11,0,0,1,33.3,3.7,-11.33,5.5,5.5,30.8,
344,Garrett Kahmann,Louisiana-Monroe,Sun Belt,2,2,3,66.7,11,0,0,1,33.3,3.7,-11.33,5.5,5.5,30.8,
345,Jace Ruder*,North Carolina,ACC,3,2,3,66.7,11,0,0,0,0,3.7,3.67,5.5,3.7,97.5,
346,Matt Myers*,Buffalo,MAC,3,2,2,100,11,0,0,0,0,5.5,5.5,5.5,3.7,146.2,
347,Noah Gray,Duke,ACC,10,1,1,100,11,0,0,0,0,11,11,11,1.1,192.4,
348,Maurice Bellan*,Army,Ind,7,1,1,100,10,0,0,0,0,10,10,10,1.4,184,
349,Nate Cox*,Nevada,MWC,8,1,2,50,10,0,0,0,0,5,5,10,1.3,92,
350,Ahmarean Brown,Georgia Tech,ACC,7,1,1,100,9,1,100,0,0,9,29,9,1.3,505.6,
351,Brian Maurer,Tennessee,SEC,4,2,6,33.3,9,0,0,0,0,1.5,1.5,4.5,2.3,45.9,
352,Ira Armstead,Virginia,ACC,4,1,3,33.3,9,0,0,0,0,3,3,9,2.3,58.5,
353,Jacob Sirmon,Washington,Pac-12,1,1,1,100,9,0,0,0,0,9,9,9,9,175.6,
354,Amari Rodgers*,Clemson,ACC,12,1,1,100,8,0,0,0,0,8,8,8,0.7,167.2,
355,Cord Sandberg*,Auburn,SEC,1,1,1,100,8,0,0,0,0,8,8,8,8,167.2,
356,Julon Williams*,UTSA,CUSA,9,1,1,100,8,0,0,0,0,8,8,8,0.9,167.2,
357,Brendon Clark*,Notre Dame,ACC,1,1,3,33.3,7,0,0,0,0,2.3,2.33,7,7,52.9,
358,Calvin Austin III*,Memphis,American,11,1,1,100,7,0,0,0,0,7,7,7,0.6,158.8,
359,Gerry Bohanon,Baylor,Big 12,2,1,1,100,7,0,0,0,0,7,7,7,3.5,158.8,
360,Jarrett Guest*,Coastal Carolina,Sun Belt,1,1,1,100,7,0,0,0,0,7,7,7,7,158.8,
361,Myles Fells,Navy,American,10,1,1,100,7,0,0,0,0,7,7,7,0.7,158.8,
362,Westin Elliott*,Louisiana Tech,CUSA,1,1,1,100,7,1,100,0,0,7,27,7,7,488.8,
363,Chaton Mobley,Middle Tennessee State,CUSA,9,1,1,100,6,0,0,0,0,6,6,6,0.7,150.4,
364,Sean Chambers,Wyoming,MWC,1,1,1,100,6,0,0,0,0,6,6,6,6,150.4,
365,Cameron Dicker*,Texas,Big 12,10,1,1,100,5,0,0,0,0,5,5,5,0.5,142,
366,Hudson Card*,Texas,Big 12,2,1,3,33.3,5,0,0,0,0,1.7,1.67,5,2.5,47.3,
367,CJ Harris,Ohio,MAC,1,1,1,100,4,0,0,0,0,4,4,4,4,133.6,
368,John Gentry,Utah State,MWC,5,1,1,100,4,0,0,0,0,4,4,4,0.8,133.6,
369,Nick Kargman,Western Michigan,MAC,1,1,3,33.3,4,0,0,0,0,1.3,1.33,4,4,44.5,
370,Quadry Jones*,UCF,American,2,1,2,50,4,0,0,0,0,2,2,4,2,66.8,
371,Ryan Harwell,Louisville,ACC,8,1,1,100,4,0,0,0,0,4,4,4,0.5,133.6,
372,Toa Taua*,Nevada,MWC,8,1,2,50,4,0,0,0,0,2,2,4,0.5,66.8,
373,Aveon Smith,Miami (OH),MAC,1,1,1,100,3,0,0,0,0,3,3,3,3,125.2,
374,CT Thomas,Boise State,MWC,7,1,1,100,3,1,100,0,0,3,23,3,0.4,455.2,
375,Jefferson Boaz*,North Carolina,ACC,1,1,1,100,3,0,0,0,0,3,3,3,3,125.2,
376,Jeremiah Haydel,Texas State,Sun Belt,12,1,1,100,3,0,0,0,0,3,3,3,0.3,125.2,
377,Elijah Moore*,Ole Miss,SEC,8,1,1,100,2,0,0,0,0,2,2,2,0.3,116.8,AA
378,Kenyon Oblad,Nevada-Las Vegas,MWC,1,2,4,50,2,0,0,0,0,0.5,0.5,1,2,54.2,
379,Ricky Person Jr.*,North Carolina State,ACC,12,1,1,100,2,1,100,0,0,2,22,2,0.2,446.8,
380,Larry Hodges*,Miami (FL),ACC,6,1,1,100,1,0,0,0,0,1,1,1,0.2,108.4,
381,Rontavious Groves*,North Carolina,ACC,11,1,1,100,1,1,100,0,0,1,21,1,0.1,438.4,
382,Rontavius Groves*,North Carolina,ACC,4,1,1,100,1,1,100,0,0,1,21,1,0.3,438.4,
383,Aaron Jackson,Eastern Michigan,MAC,3,0,1,0,0,0,0,0,0,0,0,,0,0,
384,Aaron Young,Rutgers,Big Ten,9,0,1,0,0,0,0,0,0,0,0,,0,0,
385,Adrian Hardy*,Louisiana Tech,CUSA,7,0,1,0,0,0,0,0,0,0,0,,0,0,
386,Amare Jones*,Tulane,American,10,0,1,0,0,0,0,1,100,0,-45,,0,-200,
387,Anthony Beck II*,Georgia Southern,Sun Belt,13,0,1,0,0,0,0,0,0,0,0,,0,0,
388,Braden Smith,Louisville,ACC,11,0,1,0,0,0,0,0,0,0,0,,0,0,
389,Calvin Turner*,Hawaii,MWC,9,0,2,0,0,0,0,0,0,0,0,,0,0,
390,Cee Jay Powell*,Louisiana Tech,CUSA,10,0,1,0,0,0,0,0,0,0,0,,0,0,
391,Chance Warren,Navy,American,10,0,2,0,0,0,0,0,0,0,0,,0,0,
392,Chandler Fields*,Louisiana,Sun Belt,2,0,6,0,0,0,0,0,0,0,0,,0,0,
393,Coltin Clark,Arkansas State,Sun Belt,1,0,2,0,0,0,0,0,0,0,0,,0,0,
394,Connor Adair*,Memphis,American,2,0,2,0,0,0,0,0,0,0,0,,0,0,
395,Dalen Cambre*,Louisiana,Sun Belt,10,0,1,0,0,0,0,0,0,0,0,,0,0,
396,Darius Ocean*,Western Kentucky,CUSA,1,0,1,0,0,0,0,0,0,0,0,,0,0,
397,DeQuan Finn,Toledo,MAC,4,0,1,0,0,0,0,0,0,0,0,,0,0,
398,De'Vion Warren,Arkansas,SEC,7,0,1,0,0,0,0,0,0,0,0,,0,0,
399,Devon Modster,California,Pac-12,1,0,1,0,0,0,0,0,0,0,0,,0,0,
400,Dillon Markiewicz,Syracuse,ACC,2,0,1,0,0,0,0,0,0,0,0,,0,0,
401,Dimitri Stanley*,Colorado,Pac-12,6,0,1,0,0,0,0,0,0,0,0,,0,0,
402,Evan Deckers,Massachusetts,Ind,3,0,1,0,0,0,0,0,0,0,0,,0,0,
403,Grant Loy*,Auburn,SEC,3,0,2,0,0,0,0,0,0,0,0,,0,0,
404,Grant McKinniss,Missouri,SEC,10,0,1,0,0,0,0,0,0,0,0,,0,0,
405,Hassan Haskins,Michigan,Big Ten,6,0,1,0,0,0,0,0,0,0,0,,0,0,
406,Isaiah Bravo,UTEP,CUSA,1,0,2,0,0,0,0,0,0,0,0,,0,0,
407,Jack Colletto,Oregon State,Pac-12,7,0,1,0,0,0,0,0,0,0,0,,0,0,
408,Jalon Calhoun,Duke,ACC,11,0,1,0,0,0,0,1,100,0,-45,,0,-200,
409,JD Spielman,Texas Christian,Big 12,3,1,1,100,0,0,0,0,0,0,0,0,0,100,
410,J.J. Pegues*,Auburn,SEC,11,1,1,100,0,0,0,0,0,0,0,0,0,100,
411,Johnny Ford,South Florida,American,7,0,1,0,0,0,0,0,0,0,0,,0,0,
412,Josh Ali*,Kentucky,SEC,11,0,1,0,0,0,0,0,0,0,0,,0,0,
413,Josh Pederson,Louisiana-Monroe,Sun Belt,10,0,1,0,0,0,0,0,0,0,0,,0,0,
414,Joshua Moore*,Texas,Big 12,10,0,1,0,0,0,0,0,0,0,0,,0,0,
415,Kenny Scribner,South Florida,American,6,0,1,0,0,0,0,0,0,0,0,,0,0,
416,Labronz Davis,Bowling Green,MAC,2,0,2,0,0,0,0,1,50,0,-22.5,,0,-100,
417,Matt Duncan,Temple,American,1,0,2,0,0,0,0,0,0,0,0,,0,0,
418,Mitchell Tinsley*,Western Kentucky,CUSA,12,0,1,0,0,0,0,0,0,0,0,,0,0,
419,Parker McNeil,Troy,Sun Belt,1,0,2,0,0,0,0,0,0,0,0,,0,0,
420,Pressley Harvin III,Georgia Tech,ACC,9,0,1,0,0,0,0,0,0,0,0,,0,0,AA
421,Ryan Hanson,Arkansas State,Sun Belt,11,0,1,0,0,0,0,0,0,0,0,,0,0,
422,Sheldon Jones*,UTSA,CUSA,12,0,1,0,0,0,0,1,100,0,-45,,0,-200,
423,Shi Smith,South Carolina,SEC,9,0,2,0,0,0,0,0,0,0,0,,0,0,
424,Sione Tupou,Texas State,Sun Belt,12,0,1,0,0,0,0,1,100,0,-45,,0,-200,
425,Tez Johnson,Troy,Sun Belt,11,0,1,0,0,0,0,1,100,0,-45,,0,-200,
426,Travis Dye*,Oregon,Pac-12,7,0,1,0,0,0,0,0,0,0,0,,0,0,
427,Trevor Bycznski*,Buffalo,MAC,1,0,1,0,0,0,0,1,100,0,-45,,0,-200,
428,Treylon Burks,Arkansas,SEC,9,0,4,0,0,0,0,2,50,0,-22.5,,0,-100,
429,Tyler Van Dyke*,Miami (FL),ACC,2,0,2,0,0,0,0,0,0,0,0,,0,0,
430,Willie Taggart Jr.*,Florida Atlantic,CUSA,7,0,2,0,0,0,0,0,0,0,0,,0,0,
431,Xavier Gaines*,Marshall,CUSA,10,0,1,0,0,0,0,1,100,0,-45,,0,-200,
432,Keytaon Thompson,Virginia,ACC,9,1,3,33.3,-3,0,0,0,0,-1,-1,-3,-0.3,24.9,
433,Tyson Riley*,Army,Ind,7,1,1,100,-3,0,0,0,0,-3,-3,-3,-0.4,74.8,
434,Trestan Ebner,Baylor,Big 12,9,1,1,100,-4,0,0,0,0,-4,-4,-4,-0.4,66.4,
435,Andrew Brito,Massachusetts,Ind,3,1,1,100,-5,0,0,0,0,-5,-5,-5,-1.7,58,
436,Matt Fink,USC,Pac-12,1,1,1,100,-5,0,0,0,0,-5,-5,-5,-5,58,
,League Average,,,,,,61.3,,,5.5,,2.6,7.5,7.37,12.2,101.2,136.9,
