Rk,Player,Team,Conf,G,Cmp,Att,Cmp%,Yds,TD,TD%,Int,Int%,Y/A,AY/A,Y/C,Y/G,Rate,Awards
1,Bailey Zappe*,Western Kentucky,CUSA,14,475,687,69.1,5967,62,9,11,1.6,8.7,9.77,12.6,426.2,168.7,
2,Bryce Young*,Alabama,SEC,15,366,547,66.9,4872,47,8.6,7,1.3,8.9,10.05,13.3,324.8,167.5,"H-1,Maxwell,AA"
3,Will Rogers*,Mississippi State,SEC,13,505,683,73.9,4739,36,5.3,9,1.3,6.9,7.4,9.4,364.5,147,
4,Brennan Armstrong,Virginia,ACC,11,326,500,65.2,4449,31,6.2,10,2,8.9,9.24,13.6,404.5,156.4,
5,C.J. Stroud*,Ohio State,Big Ten,12,317,441,71.9,4435,44,10,6,1.4,10.1,11.44,14,369.6,186.6,H-4
6,Kenny Pickett*,Pitt,ACC,13,334,497,67.2,4319,42,8.5,7,1.4,8.7,9.75,12.9,332.2,165.3,H-3
7,Sam Hartman*,Wake Forest,ACC,14,299,508,58.9,4228,39,7.7,14,2.8,8.3,8.62,14.1,302,148.6,
8,Carson Strong*,Nevada,MWC,12,366,523,70,4175,36,6.9,8,1.5,8,8.67,11.4,347.9,156.7,
9,Jake Haener*,Fresno State,MWC,13,329,490,67.1,4096,33,6.7,9,1.8,8.4,8.88,12.4,315.1,155.9,
10,Taulia Tagovailoa*,Maryland,Big Ten,13,328,474,69.2,3860,26,5.5,11,2.3,8.1,8.2,11.8,296.9,151.1,
11,Aidan O'Connell*,Purdue,Big Ten,12,315,439,71.8,3712,28,6.4,11,2.5,8.5,8.6,11.8,309.3,158.8,
12,Logan Bonner*,Utah State,MWC,14,263,430,61.2,3628,36,8.4,12,2.8,8.4,8.86,13.8,259.1,154.1,
13,Tanner Mordecai,SMU,American,12,308,454,67.8,3628,39,8.6,12,2.6,8,8.52,11.8,302.3,158,
14,Clayton Tune*,Houston,American,14,287,421,68.2,3546,30,7.1,10,2.4,8.4,8.78,12.4,253.3,157.7,
15,Grant Wells*,Marshall,CUSA,13,295,445,66.3,3532,16,3.6,13,2.9,7.9,7.34,12,271.7,139,
16,Devin Leary,North Carolina State,ACC,12,283,431,65.7,3433,35,8.1,5,1.2,8,9.07,12.1,286.1,157,
17,Matt Corral*,Ole Miss,SEC,13,262,386,67.9,3349,20,5.2,5,1.3,8.7,9.13,12.8,257.6,155.3,H-7
18,Chase Brice*,Appalachian State,Sun Belt,14,242,390,62.1,3337,27,6.9,11,2.8,8.6,8.67,13.8,238.4,151.1,
19,Desmond Ridder*,Cincinnati,American,14,251,387,64.9,3334,30,7.8,8,2.1,8.6,9.24,13.3,238.1,158.7,H-8
20,Seth Henigan,Memphis,American,11,235,393,59.8,3322,25,6.4,8,2,8.5,8.81,14.1,302,147.7,
21,Kaleb Eleby*,Western Michigan,MAC,13,230,363,63.4,3277,23,6.3,6,1.7,9,9.55,14.2,252.1,156.8,
22,Davis Brin*,Tulsa,American,13,244,411,59.4,3244,18,4.4,16,3.9,7.9,7.02,13.3,249.5,132.3,
23,Payton Thorne*,Michigan State,Big Ten,13,234,388,60.3,3232,27,7,10,2.6,8.3,8.56,13.8,248.6,148.1,
24,Gavin Hardison*,UTEP,CUSA,13,198,357,55.5,3217,18,5,13,3.6,9,8.38,16.2,247.5,140.5,
25,Dustin Crum*,Kent State,MAC,14,244,381,64,3206,20,5.2,6,1.6,8.4,8.76,13.1,229,148.9,
26,Brock Purdy*,Iowa State,Big 12,13,292,407,71.7,3188,19,4.7,8,2,7.8,7.88,10.9,245.2,149,
27,Frank Harris*,UTSA,CUSA,14,263,399,65.9,3177,27,6.8,6,1.5,8,8.64,12.1,226.9,152.1,
28,Jack Coan*,Notre Dame,Ind,13,253,386,65.5,3150,25,6.5,7,1.8,8.2,8.64,12.5,242.3,151.8,
29,Holton Ahlers,East Carolina,American,12,256,414,61.8,3126,18,4.3,10,2.4,7.6,7.33,12.2,260.5,134.8,
30,Ben Bryant*,Eastern Michigan,MAC,13,279,408,68.4,3121,14,3.4,7,1.7,7.6,7.56,11.2,240.1,140.5,
31,Sean Clifford*,Penn State,Big Ten,13,261,428,61,3107,21,4.9,8,1.9,7.3,7.4,11.9,239,134.4,
32,Hank Bachmeier,Boise State,MWC,12,252,401,62.8,3079,20,5,8,2,7.7,7.78,12.2,256.6,139.8,
33,Sam Howell*,North Carolina,ACC,12,217,347,62.5,3056,24,6.9,9,2.6,8.8,9.02,14.1,254.7,154.2,
34,Jarret Doege*,West Virginia,Big 12,13,272,417,65.2,3048,19,4.6,12,2.9,7.3,6.93,11.2,234.5,135.9,
35,Anthony Brown*,Oregon,Pac-12,14,250,390,64.1,2989,18,4.6,7,1.8,7.7,7.78,12,213.5,140.1,
36,Todd Centeio,Colorado State,MWC,12,229,380,60.3,2958,15,3.9,10,2.6,7.8,7.39,12.9,246.5,133.4,
37,Hendon Hooker*,Tennessee,SEC,13,206,303,68,2945,31,10.2,3,1,9.7,11.32,14.3,226.5,181.4,
38,Malik Cunningham*,Louisville,ACC,13,209,337,62,2941,19,5.6,6,1.8,8.7,9.05,14.1,226.2,150.4,
39,Max Bortenschlager,Florida International,CUSA,12,178,342,52,2935,19,5.6,12,3.5,8.6,8.11,16.5,244.6,135.5,
40,Tyler Van Dyke,Miami (FL),ACC,10,202,324,62.3,2931,25,7.7,6,1.9,9,9.76,14.5,293.1,160.1,
41,Levi Lewis*,Louisiana,Sun Belt,14,236,391,60.4,2917,20,5.1,4,1,7.5,8.02,12.4,208.4,137.9,
42,Grayson McCall*,Coastal Carolina,Sun Belt,11,176,241,73,2873,27,11.2,3,1.2,11.9,13.6,16.3,261.2,207.6,
43,Adrian Martinez,Nebraska,Big Ten,11,189,306,61.8,2863,14,4.6,10,3.3,9.4,8.8,15.1,260.3,148.9,
44,Malik Willis*,Liberty,Ind,13,207,339,61.1,2862,27,8,12,3.5,8.4,8.44,13.8,220.2,151.2,
45,Stetson Bennett*,Georgia,SEC,14,185,287,64.5,2862,29,10.1,7,2.4,10,10.9,15.5,204.4,176.7,
46,Spencer Sanders*,Oklahoma State,Big 12,13,243,391,62.1,2839,20,5.1,12,3.1,7.3,6.9,11.7,218.4,133.9,
47,Will Levis*,Kentucky,SEC,13,233,353,66,2827,24,6.8,13,3.7,8,7.71,12.1,217.5,148.3,
48,Max Johnson*,LSU,SEC,12,225,373,60.3,2814,27,7.2,6,1.6,7.5,8.27,12.5,234.5,144.4,
49,Jayden De Laura*,Washington State,Pac-12,12,227,359,63.2,2798,23,6.4,9,2.5,7.8,7.95,12.3,233.2,144.8,
50,Chevan Cordeiro,Hawaii,MWC,11,195,353,55.2,2793,17,4.8,11,3.1,7.9,7.47,14.3,253.9,131.4,
51,N'Kosi Perry,Florida Atlantic,CUSA,12,210,345,60.9,2771,20,5.8,7,2,8,8.28,13.2,230.9,143.4,
52,Emory Jones*,Florida,SEC,13,224,346,64.7,2734,19,5.5,13,3.8,7.9,7.31,12.2,210.3,141.7,
53,Jonah Johnson,New Mexico State,Ind,11,257,439,58.5,2709,10,2.3,8,1.8,6.2,5.81,10.5,246.3,114.2,
54,Chris Reynolds,Charlotte,CUSA,11,215,337,63.8,2684,26,7.7,9,2.7,8,8.31,12.5,244,150.8,
55,Chance Nolan*,Oregon State,Pac-12,13,204,318,64.2,2677,19,6,10,3.1,8.4,8.2,13.1,205.9,148.3,
56,K.J. Jefferson*,Arkansas,SEC,13,198,294,67.3,2676,21,7.1,4,1.4,9.1,9.92,13.5,205.8,164.7,
57,Brett Gabbert*,Miami (OH),MAC,10,178,299,59.5,2648,26,8.7,6,2,8.9,9.69,14.9,264.8,158.6,
58,Daniel Richardson*,Central Michigan,MAC,13,191,316,60.4,2633,24,7.6,6,1.9,8.3,9,13.8,202.5,151.7,
59,Rocky Lombardi*,Northern Illinois,MAC,13,200,343,58.3,2597,15,4.4,8,2.3,7.6,7.4,13,199.8,131.7,
60,Jaren Hall*,BYU,Ind,10,189,296,63.9,2583,20,6.8,5,1.7,8.7,9.32,13.7,258.3,156.1,
61,Cade McNamara*,Michigan,Big Ten,14,210,327,64.2,2576,15,4.6,6,1.8,7.9,7.97,12.3,184,141.9,
62,Matt McDonald,Bowling Green,MAC,12,236,393,60.1,2555,12,3.1,7,1.8,6.5,6.31,10.8,212.9,121.2,
63,Connor Bazelak*,Missouri,SEC,11,246,377,65.3,2548,16,4.2,11,2.9,6.8,6.29,10.4,231.6,130.2,
64,Drew Plitt*,Ball State,MAC,13,248,411,60.3,2541,18,4.4,6,1.5,6.2,6.4,10.2,195.5,123.8,
65,Chase Garbers,California,Pac-12,11,223,348,64.1,2533,16,4.6,8,2.3,7.3,7.16,11.4,230.3,135.8,
66,Cameron Rising*,Utah,Pac-12,13,204,321,63.6,2493,20,6.2,5,1.6,7.8,8.31,12.2,191.8,146.2,
67,Jake Bentley,South Alabama,Sun Belt,10,212,303,70,2476,17,5.6,8,2.6,8.2,8.11,11.7,247.6,151.8,
68,Dylan Morris,Washington,Pac-12,11,220,363,60.6,2458,14,3.9,12,3.3,6.8,6.06,11.2,223.5,123.6,
69,Layne Hatcher,Arkansas State,Sun Belt,11,201,342,58.8,2423,19,5.6,13,3.8,7.1,6.49,12.1,220.3,129,
70,Dorian Thompson-Robinson,UCLA,Pac-12,11,176,283,62.2,2409,21,7.4,6,2.1,8.5,9.04,13.7,219,153.9,
71,Michael Pratt,Tulane,American,12,189,328,57.6,2381,21,6.4,8,2.4,7.3,7.44,12.6,198.4,134.8,
72,Jayden Daniels*,Arizona State,Pac-12,13,197,301,65.4,2380,10,3.3,10,3.3,7.9,7.08,12.1,183.1,136.2,
73,Gunnar Holmberg,Duke,ACC,11,217,324,67,2358,7,2.2,8,2.5,7.3,6.6,10.9,214.4,130.3,
74,Tanner McKee,Stanford,Pac-12,10,206,315,65.4,2327,15,4.8,7,2.2,7.4,7.34,11.3,232.7,138.7,
75,Bo Nix*,Auburn,SEC,10,197,323,61,2293,11,3.4,3,0.9,7.1,7.36,11.6,229.3,130,
76,Dylan Hopkins*,UAB,CUSA,13,155,235,66,2274,18,7.7,7,3,9.7,9.87,14.7,174.9,166.6,
77,D.J. Uiagalelei*,Clemson,ACC,13,208,374,55.6,2246,9,2.4,10,2.7,6,5.28,10.8,172.8,108.7,
78,Gerry Bohanon*,Baylor,Big 12,12,173,275,62.9,2205,18,6.5,7,2.5,8,8.18,12.7,183.8,146.8,
79,Zach Calzada,Texas A&M,SEC,12,184,328,56.1,2185,17,5.2,9,2.7,6.7,6.46,11.9,182.1,123.7,
80,Kedon Slovis,USC,Pac-12,9,193,297,65,2153,11,3.7,8,2.7,7.2,6.78,11.2,239.2,132.7,
81,Casey Thompson,Texas,Big 12,12,165,261,63.2,2113,24,9.2,9,3.4,8.1,8.38,12.8,176.1,154.7,
82,Skylar Thompson*,Kansas State,Big 12,10,162,233,69.5,2113,12,5.2,4,1.7,9.1,9.33,13,211.3,159.3,
83,DeQuan Finn*,Toledo,MAC,13,144,250,57.6,2071,18,7.2,2,0.8,8.3,9.36,14.4,159.3,149.3,
84,Max Duggan,Texas Christian,Big 12,10,145,227,63.9,2048,16,7,6,2.6,9,9.24,14.1,204.8,157.6,
85,Tanner Morgan*,Minnesota,Big Ten,13,149,250,59.6,2044,10,4,9,3.6,8.2,7.36,13.7,157.2,134.3,
86,Austin Aune*,North Texas,CUSA,13,151,295,51.2,1991,9,3.1,9,3.1,6.7,5.99,13.2,153.2,111.8,
87,Braxton Burmeister*,Virginia Tech,ACC,12,142,255,55.7,1960,14,5.5,4,1.6,7.7,8.08,13.8,163.3,135.2,
88,Graham Mertz*,Wisconsin,Big Ten,13,169,284,59.5,1958,10,3.5,11,3.9,6.9,5.86,11.6,150.6,121.3,
89,Hayden Wolff*,Old Dominion,CUSA,10,159,253,62.8,1933,10,4,7,2.8,7.6,7.19,12.2,193.3,134.5,
90,Caleb Williams*,Oklahoma,Big 12,11,136,211,64.5,1912,21,10,4,1.9,9.1,10.2,14.1,173.8,169.6,
91,Timmy Mcclain,South Florida,American,11,145,262,55.3,1888,5,1.9,7,2.7,7.2,6.39,13,171.6,116.8,
92,Austin Kendall,Louisiana Tech,CUSA,7,148,244,60.7,1884,13,5.3,9,3.7,7.7,7.13,12.7,269.1,135.7,
93,Spencer Petras*,Iowa,Big Ten,12,165,288,57.3,1880,10,3.5,9,3.1,6.5,5.82,11.4,156.7,117.3,
94,Kyle Vantrease,Buffalo,MAC,10,160,261,61.3,1836,8,3.1,6,2.3,7,6.61,11.5,183.6,125.9,
95,Noah Vedral*,Rutgers,Big Ten,13,180,303,59.4,1823,7,2.3,7,2.3,6,5.44,10.1,140.2,112.9,
96,Kurtis Rourke,Ohio,MAC,10,169,259,65.3,1801,11,4.2,7,2.7,7,6.59,10.7,180.1,132.3,
97,Mikey Keene*,UCF,American,11,173,272,63.6,1730,17,6.3,6,2.2,6.4,6.62,10,157.3,133.2,
98,Darren Grainger*,Georgia State,Sun Belt,13,136,228,59.6,1715,19,8.3,4,1.8,7.5,8.4,12.6,131.9,146.8,
99,Nick Starkel,San Jose State,MWC,7,128,248,51.6,1645,9,3.6,7,2.8,6.6,6.09,12.9,235,113.7,
100,Jake Constantine,Rice,CUSA,8,126,206,61.2,1622,8,3.9,7,3.4,7.9,7.12,12.9,202.8,133.3,
101,Gunnar Watson,Troy,Sun Belt,8,140,228,61.4,1613,8,3.5,4,1.8,7.1,6.99,11.5,201.6,128.9,
102,Will Plummer,Arizona,Pac-12,10,155,267,58.1,1610,6,2.2,9,3.4,6,4.96,10.4,161,109.4,
103,Cameron Friel,Nevada-Las Vegas,MWC,9,141,226,62.4,1608,6,2.7,11,4.9,7.1,5.46,11.4,178.7,121.2,
104,Brendon Lewis,Colorado,Pac-12,12,149,257,58,1540,10,3.9,3,1.2,6,6.25,10.3,128.3,118.8,
105,Jordan Travis,Florida State,ACC,10,122,194,62.9,1539,15,7.7,6,3.1,7.9,8.09,12.6,153.9,148.9,
106,Brady McBride,Texas State,Sun Belt,7,146,243,60.1,1512,12,4.9,10,4.1,6.2,5.36,10.4,216,120.4,
107,Spencer Rattler*,Oklahoma,Big 12,9,140,187,74.9,1483,11,5.9,5,2.7,7.9,7.9,10.6,164.8,155.5,
108,Jeff Sims,Georgia Tech,ACC,8,113,188,60.1,1468,12,6.4,7,3.7,7.8,7.41,13,183.5,139.3,
109,Garrett Shrader,Syracuse,ACC,12,123,234,52.6,1445,9,3.8,4,1.7,6.2,6.18,11.7,120.4,113.7,
110,Lucas Johnson*,San Diego State,MWC,13,138,223,61.9,1424,12,5.4,4,1.8,6.4,6.65,10.3,109.5,129.7,
111,Jaxson Dart,USC,Pac-12,6,117,189,61.9,1353,9,4.8,5,2.6,7.2,6.92,11.6,225.5,132.5,
112,James Blackman,Arkansas State,Sun Belt,8,109,183,59.6,1344,8,4.4,4,2.2,7.3,7.23,12.3,168,131.3,
113,Chase Cunningham*,Middle Tennessee State,CUSA,8,110,176,62.5,1318,16,9.1,3,1.7,7.5,8.54,12,164.8,152,
114,Chandler Rogers,Louisiana-Monroe,Sun Belt,12,112,179,62.6,1311,9,5,3,1.7,7.3,7.58,11.7,109.3,137.3,
115,Henry Colombi*,Texas Tech,Big 12,7,96,149,64.4,1291,5,3.4,5,3.4,8.7,7.83,13.4,184.4,141.6,
116,Zach Gibson,Akron,MAC,7,109,157,69.4,1262,10,6.4,0,0,8,9.31,11.6,180.3,158,
117,Jason Bean,Kansas,Big 12,11,102,182,56,1252,6,3.3,6,3.3,6.9,6.05,12.3,113.8,118.1,
118,Taylor Powell,Troy,Sun Belt,6,125,189,66.1,1251,7,3.7,6,3.2,6.6,5.93,10,208.5,127.6,
119,D'Wan Mathis,Temple,American,7,116,195,59.5,1225,6,3.1,4,2.1,6.3,5.97,10.6,175,118.3,
120,Steven Krajewski,Connecticut,Ind,11,121,230,52.6,1221,7,3,10,4.3,5.3,3.96,10.1,111,98.5,
121,Dennis Grosel,Boston College,ACC,8,111,192,57.8,1216,6,3.1,7,3.6,6.3,5.32,11,152,114,
122,Haaziq Daniels*,Air Force,MWC,12,52,104,50,1184,7,6.7,3,2.9,11.4,11.43,22.8,98.7,162.1,
123,Donovan Smith*,Texas Tech,Big 12,11,85,138,61.6,1181,7,5.1,2,1.4,8.6,8.92,13.9,107.4,147.3,
124,Ken Seals,Vanderbilt,SEC,8,127,224,56.7,1181,5,2.2,8,3.6,5.3,4.11,9.3,147.6,101.2,
125,Brandon Peters,Illinois,Big Ten,10,91,169,53.8,1170,7,4.1,4,2.4,6.9,6.69,12.9,117,120.9,
126,Brady Olson,Massachusetts,Ind,9,104,216,48.1,1145,8,3.7,7,3.2,5.3,4.58,11,127.2,98.4,
127,Sean Chambers*,Wyoming,MWC,9,90,177,50.8,1125,6,3.4,7,4,6.4,5.25,12.5,125,107.5,
128,Terry Wilson,New Mexico,MWC,6,101,174,58,1058,7,4,4,2.3,6.1,5.85,10.5,176.3,117.8,
129,Nicholas Vattiato*,Middle Tennessee State,CUSA,6,115,171,67.3,1047,7,4.1,6,3.5,6.1,5.36,9.1,174.5,125.2,
130,Mike Wright,Vanderbilt,SEC,10,93,175,53.1,1042,8,4.6,6,3.4,6,5.33,11.2,104.2,111.4,
131,Levi Williams*,Wyoming,MWC,9,72,120,60,990,9,7.5,5,4.2,8.3,7.88,13.8,110,145.7,
132,Ryan Hilinski,Northwestern,Big Ten,9,95,176,54,978,3,1.7,4,2.3,5.6,4.88,10.3,108.7,101.7,
133,Justin Tomlin,Georgia Southern,Sun Belt,8,74,143,51.7,977,2,1.4,9,6.3,6.8,4.28,13.2,122.1,101.2,
134,Luke Doty*,South Carolina,SEC,6,86,143,60.1,975,5,3.5,3,2.1,6.8,6.57,11.3,162.5,124.8,
135,Carter Bradley*,Toledo,MAC,8,77,130,59.2,972,4,3.1,1,0.8,7.5,7.75,12.6,121.5,130.7,
136,Nick Nash,San Jose State,MWC,11,74,138,53.6,971,6,4.3,3,2.2,7,6.93,13.1,88.3,122.7,
137,AJ Mayer*,Miami (OH),MAC,7,68,125,54.4,947,6,4.8,2,1.6,7.6,7.82,13.9,135.3,130.7,
138,Michael Penix Jr.,Indiana,Big Ten,5,87,162,53.7,939,4,2.5,7,4.3,5.8,4.35,10.8,187.8,101.9,
139,Phil Jurkovec,Boston College,ACC,6,52,96,54.2,915,7,7.3,4,4.2,9.5,9.11,17.6,152.5,150,
140,Jordan Yates,Georgia Tech,ACC,8,91,153,59.5,908,6,3.9,3,2,5.9,5.84,10,113.5,118.3,
141,Demarcus Irons Jr.,Akron,MAC,8,78,120,65,892,8,6.7,4,3.3,7.4,7.27,11.4,111.5,142.8,
142,Tyler Shough*,Texas Tech,Big 12,4,64,92,69.6,872,6,6.5,3,3.3,9.5,9.32,13.6,218,164.2,
143,Jack Plummer*,Purdue,Big Ten,9,87,127,68.5,864,7,5.5,0,0,6.8,7.91,9.9,96,143.8,
144,Jalon Daniels,Kansas,Big 12,6,81,117,69.2,860,7,6,3,2.6,7.4,7.39,10.6,143.3,145.6,
145,D.J. Mack Jr.*,Old Dominion,CUSA,7,86,167,51.5,859,5,3,7,4.2,5.1,3.86,10,122.7,96.2,
146,Jake Lange,Southern Mississippi,CUSA,7,79,137,57.7,843,5,3.6,6,4.4,6.2,4.91,10.7,120.4,112.6,
147,Justin Lynch,Temple,American,11,88,154,57.1,839,4,2.6,4,2.6,5.4,4.8,9.5,76.3,106.3,
148,Jordon Brookshire*,San Diego State,MWC,6,62,122,50.8,830,3,2.5,1,0.8,6.8,6.93,13.4,138.3,114.4,
149,TJ Finley*,Auburn,SEC,9,70,128,54.7,827,6,4.7,1,0.8,6.5,7.05,11.8,91.9,122.9,
150,Dillon Gabriel*,UCF,American,3,70,102,68.6,814,9,8.8,3,2.9,8,8.42,11.6,271.3,158.9,
151,Tyler Vitt,Texas State,Sun Belt,6,76,142,53.5,801,3,2.1,2,1.4,5.6,5.43,10.5,133.5,105.1,
152,Rhett Rodriguez,Louisiana-Monroe,Sun Belt,6,70,137,51.1,799,4,2.9,3,2.2,5.8,5.43,11.4,133.2,105.3,
153,Baylor Romney*,BYU,Ind,5,56,80,70,779,6,7.5,0,0,9.7,11.24,13.9,155.8,176.5,
154,McKenzie Milton,Florida State,ACC,6,81,139,58.3,775,3,2.2,6,4.3,5.6,4.06,9.6,129.2,103.6,
155,Christian Anderson*,Army,Ind,12,34,67,50.7,773,5,7.5,0,0,11.5,13.03,22.7,64.4,172.3,
156,D'Eriq King,Miami (FL),ACC,3,81,122,66.4,767,3,2.5,4,3.3,6.3,5.3,9.5,255.7,120.8,
157,Jacob Sirmon*,Central Michigan,MAC,5,73,119,61.3,734,6,5,4,3.4,6.2,5.66,10.1,146.8,123.1,
158,JT Daniels*,Georgia,SEC,6,68,94,72.3,722,7,7.4,3,3.2,7.7,7.73,10.6,120.3,155.1,
159,Jason Brown*,South Carolina,SEC,7,60,108,55.6,721,8,7.4,6,5.6,6.7,5.66,12,103,125,
160,Chandler Morris,Texas Christian,Big 12,4,50,75,66.7,717,3,4,0,0,9.6,10.36,14.3,179.3,160.2,
161,Matt Myers,Buffalo,MAC,10,57,104,54.8,711,4,3.8,5,4.8,6.8,5.44,12.5,71.1,115.3,
162,Andrew Marty,Northwestern,Big Ten,7,66,110,60,707,6,5.5,6,5.5,6.4,5.06,10.7,101,121.1,
163,Artur Sitkowski,Illinois,Big Ten,5,74,148,50,704,6,4.1,2,1.4,4.8,4.96,9.5,140.8,100.6,
164,Zeb Noland*,South Carolina,SEC,7,53,95,55.8,690,7,7.4,1,1.1,7.3,8.26,13,98.6,139,
165,Alex Padilla*,Iowa,Big Ten,9,55,112,49.1,636,2,1.8,2,1.8,5.7,5.23,11.6,70.7,99.1,
166,Aaron Allen,Louisiana Tech,CUSA,7,50,77,64.9,620,2,2.6,4,5.2,8.1,6.23,12.4,88.6,130.8,
167,Brayden Schager,Hawaii,MWC,6,65,107,60.7,615,2,1.9,5,4.7,5.7,4.02,9.5,102.5,105.9,
168,Blake Shapen*,Baylor,Big 12,6,62,86,72.1,596,5,5.8,0,0,6.9,8.09,9.6,99.3,149.5,
169,Desmond Trotter,South Alabama,Sun Belt,5,61,104,58.7,596,5,4.8,3,2.9,5.7,5.39,9.8,119.2,116.9,
170,Hudson Card,Texas,Big 12,8,51,83,61.4,590,5,6,1,1.2,7.1,7.77,11.6,73.8,138.6,
171,Brady Cook*,Missouri,SEC,6,74,93,79.6,588,3,3.2,0,0,6.3,6.97,7.9,98,143.3,
172,Jace Ruder*,North Texas,CUSA,8,53,98,54.1,571,3,3.1,5,5.1,5.8,4.14,10.8,71.4,102.9,
173,JD Head,Louisiana Tech,CUSA,4,47,88,53.4,559,6,6.8,3,3.4,6.4,6.18,11.9,139.8,122.5,
174,Gunner Cruz,Arizona,Pac-12,5,61,93,65.6,536,2,2.2,3,3.2,5.8,4.74,8.8,107.2,114.6,
175,Anthony Richardson*,Florida,SEC,8,38,64,59.4,529,6,9.4,5,7.8,8.3,6.63,13.9,66.1,144.1,
176,J.J. McCarthy*,Michigan,Big Ten,11,34,59,57.6,516,5,8.5,2,3.4,8.7,8.92,15.2,46.9,152.3,
177,Dino Maldonado,New Mexico State,Ind,2,37,66,56.1,513,4,6.1,2,3,7.8,7.62,13.9,256.5,135.3,
178,Cam Ransom,Georgia Southern,Sun Belt,9,39,83,47,494,3,3.6,0,0,6,6.67,12.7,54.9,108.9,
179,Charlie Brewer*,Utah,Pac-12,3,48,79,60.8,484,3,3.8,3,3.8,6.1,5.18,10.1,161.3,117.2,
180,Bryce Carpenter*,Coastal Carolina,Sun Belt,11,41,69,59.4,483,4,5.8,1,1.4,7,7.51,11.8,43.9,134.5,
181,Jordan McCloud,Arizona,Pac-12,3,48,73,65.8,481,2,2.7,5,6.8,6.6,4.05,10,160.3,116.4,
182,Donaven McCulley,Indiana,Big Ten,7,35,82,42.7,475,2,2.4,2,2.4,5.8,5.18,13.6,67.9,94.5,
183,Justin Rogers,Nevada-Las Vegas,MWC,6,33,59,55.9,475,3,5.1,2,3.4,8.1,7.54,14.4,79.2,133.6,
184,Bailey Hockman*,Middle Tennessee State,CUSA,4,41,66,62.1,463,4,6.1,2,3,7,6.86,11.3,115.8,135,
185,Tai Lavatai,Navy,American,10,34,61,55.7,449,5,8.2,2,3.3,7.4,7.52,13.2,44.9,138.1,
186,Kato Nelson,Akron,MAC,5,36,69,52.2,445,3,4.3,1,1.4,6.4,6.67,12.4,89,117.8,
187,Hunter Johnson,Northwestern,Big Ten,3,45,75,60,424,4,5.3,4,5.3,5.7,4.32,9.4,141.3,114.4,
188,Jack Tuttle,Indiana,Big Ten,6,45,87,51.7,423,2,2.3,5,5.7,4.9,2.74,9.4,70.5,88.7,
189,Kyle McCord*,Ohio State,Big Ten,5,25,38,65.8,416,2,5.3,2,5.3,10.9,9.63,16.6,83.2,164.6,
190,Andrew Peasley*,Utah State,MWC,10,28,51,54.9,415,3,5.9,2,3.9,8.1,7.55,14.8,41.5,134.8,
191,Wiley Green,Rice,CUSA,4,36,55,65.5,414,4,7.3,3,5.5,7.5,6.53,11.5,103.5,141.8,
192,Tyler Johnston III*,UAB,CUSA,6,27,49,55.1,408,2,4.1,3,6.1,8.3,6.39,15.1,68,126.3,
193,Tyler Lytle,Massachusetts,Ind,2,29,59,49.2,394,1,1.7,1,1.7,6.7,6.25,13.6,197,107.5,
194,Tommy Devito,Syracuse,ACC,3,32,52,61.5,388,1,1.9,2,3.8,7.5,6.12,12.1,129.3,122.9,
195,Shane Illingworth*,Oklahoma State,Big 12,3,28,50,56,385,3,6,1,2,7.7,8,13.8,128.3,136.5,
196,Cornelious Brown*,Georgia State,Sun Belt,5,42,81,51.9,384,0,0,4,4.9,4.7,2.52,9.1,76.8,81.8,
197,Riley Leonard,Duke,ACC,7,37,62,59.7,381,1,1.6,1,1.6,6.1,5.74,10.3,54.4,113.4,
198,Joe Milton*,Tennessee,SEC,8,32,61,52.5,375,2,3.3,0,0,6.1,6.8,11.7,46.9,114.9,
199,James Foster,Charlotte,CUSA,5,31,56,55.4,364,1,1.8,1,1.8,6.5,6.05,11.7,72.8,112.3,
200,Ty Keyes,Southern Mississippi,CUSA,4,33,65,50.8,355,3,4.6,4,6.2,5.5,3.62,10.8,88.8,99.6,
201,Armani Rogers,Ohio,MAC,12,29,49,59.2,350,0,0,1,2,7.1,6.22,12.1,29.2,115.1,
202,Will Howard*,Kansas State,Big 12,6,30,55,54.5,332,1,1.8,1,1.8,6,5.58,11.1,55.3,107.6,
203,Garrett Nussmeier*,LSU,SEC,4,29,57,50.9,329,2,3.5,2,3.5,5.8,4.89,11.3,82.3,103.9,
204,Jabari Laws*,Army,Ind,7,21,28,75,327,4,14.3,0,0,11.7,14.54,15.6,46.7,220.2,
205,Jack Zergiotis,Connecticut,Ind,3,38,86,44.2,325,3,3.5,5,5.8,3.8,1.86,8.6,108.3,75.8,
206,Tyler Phommachanh,Connecticut,Ind,3,35,72,48.6,321,1,1.4,2,2.8,4.5,3.49,9.2,107,85.1,
207,Doug Brumfield,Nevada-Las Vegas,MWC,3,17,39,43.6,320,2,5.1,1,2.6,8.2,8.08,18.8,106.7,124.3,
208,Logan Smothers,Nebraska,Big Ten,6,23,33,69.7,317,0,0,1,3,9.6,8.24,13.8,52.8,144.3,
209,Luke McCaffrey,Rice,CUSA,9,31,62,50,313,2,3.2,4,6.5,5,2.79,10.1,34.8,90.1,
210,Ethan Garbers,UCLA,Pac-12,12,31,51,60.8,305,2,3.9,2,3.9,6,5,9.8,25.4,116.1,
211,Jarrett Guarantano*,Washington State,Pac-12,3,33,49,67.3,304,1,2,3,6.1,6.2,3.86,9.2,101.3,114,
212,Haynes King,Texas A&M,SEC,2,22,35,62.9,300,2,5.7,3,8.6,8.6,5.86,13.6,150,136.6,
213,Johnathan Bennett*,Liberty,Ind,9,15,33,45.5,299,4,12.1,2,6.1,9.1,8.76,19.9,33.2,149.4,
214,Tyler Buchner*,Notre Dame,Ind,10,21,35,60,298,3,8.6,3,8.6,8.5,6.37,14.2,29.8,142.7,
215,Nate Cox*,Nevada,MWC,10,26,43,60.5,279,2,4.7,1,2.3,6.5,6.37,10.7,27.9,125.7,
216,Grant Gremel,Indiana,Big Ten,5,32,58,55.2,269,1,1.7,1,1.7,4.6,4.21,8.4,53.8,96.4,
217,Mike Diliello*,Middle Tennessee State,CUSA,12,29,49,59.2,267,1,2,2,4.1,5.4,4.02,9.2,22.3,103.5,
218,Ike Ogbogu*,Houston,American,6,20,35,57.1,256,2,5.7,1,2.9,7.3,7.17,12.8,42.7,131.7,
219,Luke Zban*,Marshall,CUSA,7,26,39,66.7,249,2,5.1,2,5.1,6.4,5.1,9.6,35.6,127,
220,Garrett Dzuro,Massachusetts,Ind,7,23,47,48.9,246,2,4.3,3,6.4,5.2,3.21,10.7,35.1,94.2,
221,Jay Woolfolk,Virginia,ACC,5,22,41,53.7,245,0,0,2,4.9,6,3.78,11.1,49,94.1,
222,Sam Huard,Washington,Pac-12,4,22,42,52.4,241,1,2.4,4,9.5,5.7,1.93,11,60.3,89.4,
223,Christian Veilleux*,Penn State,Big Ten,2,16,26,61.5,238,3,11.5,0,0,9.2,11.46,14.9,119,176.5,
224,Collin Schlee*,Kent State,MAC,10,17,24,70.8,238,1,4.2,0,0,9.9,10.75,14,23.8,167.9,
225,Trey Lowe III,Southern Mississippi,CUSA,2,23,42,54.8,232,1,2.4,2,4.8,5.5,3.86,10.1,116,99.5,
226,Katravis Marsh,South Florida,American,4,20,41,48.8,231,1,2.4,3,7.3,5.6,2.83,11.6,57.8,89.5,
227,Connor Cigelske,Georgia Southern,Sun Belt,2,22,38,57.9,229,0,0,1,2.6,6,4.84,10.4,114.5,103.3,
228,Drew Pyne*,Notre Dame,Ind,2,15,30,50,224,2,6.7,0,0,7.5,8.8,14.9,112,134.7,
229,Preston Hutchinson*,Eastern Michigan,MAC,8,23,40,57.5,216,1,2.5,2,5,5.4,3.65,9.4,27,101.1,
230,Peter Parrish,Memphis,American,3,31,48,64.6,215,0,0,3,6.3,4.5,1.67,6.9,71.7,89.7,
231,Davis Beville*,Pitt,ACC,3,17,22,77.3,207,1,4.5,1,4.5,9.4,8.27,12.2,69,162.2,
232,Nick Tronti,Florida Atlantic,CUSA,6,19,36,52.8,202,0,0,1,2.8,5.6,4.36,10.6,33.7,94.4,
233,Victor Gabalis*,Washington State,Pac-12,3,17,36,47.2,199,2,5.6,0,0,5.5,6.64,11.7,66.3,112,
234,Hunter Dekkers*,Iowa State,Big 12,4,20,36,55.6,193,2,5.6,1,2.8,5.4,5.22,9.7,48.3,113.4,
235,Josh Adkins*,UTSA,CUSA,7,18,33,54.5,192,2,6.1,0,0,5.8,7.03,10.7,27.4,123.4,
236,Luke Altmyer*,Ole Miss,SEC,5,20,37,54.1,192,1,2.7,2,5.4,5.2,3.3,9.6,38.4,95.8,
237,TJ Mcmahon,Rice,CUSA,11,12,20,60,191,2,10,1,5,9.6,9.3,15.9,17.4,163.2,
238,Frank Gore Jr.,Southern Mississippi,CUSA,12,10,16,62.5,189,4,25,1,6.3,11.8,14,18.9,15.8,231.7,
239,Cade Fortin,South Florida,American,5,25,48,52.1,183,0,0,2,4.2,3.8,1.94,7.3,36.6,75.8,
240,Chance Lovertich*,Mississippi State,SEC,2,13,18,72.2,179,1,5.6,0,0,9.9,11.06,13.8,89.5,174.1,
241,Jacolby Criswell*,North Carolina,ACC,4,13,21,61.9,179,1,4.8,0,0,8.5,9.48,13.8,44.8,149.2,
242,Carson Beck*,Georgia,SEC,4,10,23,43.5,176,2,8.7,2,8.7,7.7,5.48,17.6,44,119.1,
243,Cooper Legas*,Utah State,MWC,2,11,20,55,171,2,10,1,5,8.6,8.3,15.5,85.5,149.8,
244,Justin Ibieta,Tulane,American,5,13,22,59.1,166,2,9.1,2,9.1,7.5,5.27,12.8,33.2,134.3,
245,Jiya Wright,Louisiana-Monroe,Sun Belt,4,10,20,50,164,2,10,2,10,8.2,5.7,16.4,41,131.9,
246,Isaiah Chavez,New Mexico,MWC,5,17,24,70.8,161,2,8.3,1,4.2,6.7,6.5,9.5,32.2,146.4,
247,Nick Patti*,Pitt,ACC,9,14,19,73.7,161,0,0,0,0,8.5,8.47,11.5,17.9,144.9,
248,Dakereon Joyner*,South Carolina,SEC,13,9,9,100,160,1,11.1,0,0,17.8,20,17.8,12.3,286,
249,Grayson James,Florida International,CUSA,6,18,27,66.7,155,1,3.7,0,0,5.7,6.48,8.6,25.8,127.1,
250,Jaren Lewis*,Kansas State,Big 12,4,12,23,52.2,154,1,4.3,2,8.7,6.7,3.65,12.8,38.5,105.4,
251,Connor Blumrick*,Virginia Tech,ACC,6,16,31,51.6,152,2,6.5,0,0,4.9,6.19,9.5,25.3,114.1,
252,Knox Kadum*,Virginia Tech,ACC,5,12,24,50,151,0,0,1,4.2,6.3,4.42,12.6,30.2,94.5,
253,Paul Tyson*,Alabama,SEC,12,10,16,62.5,150,0,0,0,0,9.4,9.38,15,12.5,141.3,
254,Garrett Greene*,West Virginia,Big 12,11,16,26,61.5,147,0,0,0,0,5.7,5.65,9.2,13.4,109,
255,Jake Garcia,Miami (FL),ACC,1,11,14,78.6,147,2,14.3,0,0,10.5,13.36,13.4,147,213.9,
256,Evan Simon*,Rutgers,Big Ten,6,16,28,57.1,145,0,0,1,3.6,5.2,3.57,9.1,24.2,93.5,
257,Eddie Lee Marburger*,UTSA,CUSA,2,4,8,50,143,1,12.5,0,0,17.9,20.38,35.8,71.5,241.4,
258,Tyler Macon*,Missouri,SEC,3,9,17,52.9,143,1,5.9,0,0,8.4,9.59,15.9,47.7,143,
259,Xavier Arline,Navy,American,7,7,18,38.9,142,1,5.6,0,0,7.9,9,20.3,20.3,123.5,
260,Jontre Kirklin*,LSU,SEC,9,7,11,63.6,138,3,27.3,2,18.2,12.5,9.82,19.7,15.3,222.7,
261,Jack West,Stanford,Pac-12,4,20,30,66.7,135,0,0,3,10,4.5,0,6.8,33.8,84.5,
262,Jemel Jones*,Army,Ind,4,7,13,53.8,135,1,7.7,1,7.7,10.4,8.46,19.3,33.8,151.1,
263,John Paddock*,Ball State,MAC,2,18,26,69.2,132,0,0,1,3.8,5.1,3.35,7.3,66,104.2,
264,Taisun Phommachanh*,Clemson,ACC,6,11,19,57.9,131,1,5.3,1,5.3,6.9,5.58,11.9,21.8,122.7,
265,Cole Snyder*,Rutgers,Big Ten,6,18,28,64.3,130,1,3.6,0,0,4.6,5.36,7.2,21.7,115.1,
266,Chase Wolf*,Wisconsin,Big Ten,4,8,16,50,124,1,6.3,2,12.5,7.8,3.38,15.5,31,110.7,
267,Jacob Huesman*,Appalachian State,Sun Belt,6,12,21,57.1,116,1,4.8,1,4.8,5.5,4.33,9.7,19.3,109.7,
268,Chandler Fields*,Louisiana,Sun Belt,8,9,13,69.2,106,1,7.7,0,0,8.2,9.69,11.8,13.3,163.1,
269,Miles Kendrick,Kansas,Big 12,5,12,18,66.7,106,2,11.1,1,5.6,5.9,5.61,8.8,21.2,141.7,
270,Tyler Snead,East Carolina,American,12,3,5,60,102,2,40,0,0,20.4,28.4,34,8.5,363.4,
271,Jack Miller III*,Ohio State,Big Ten,4,7,14,50,101,0,0,0,0,7.2,7.21,14.4,25.3,110.6,
272,Sam Noyer*,Oregon State,Pac-12,2,11,24,45.8,101,0,0,2,8.3,4.2,0.46,9.2,50.5,64.5,
273,Reece Udinski*,Maryland,Big Ten,4,11,15,73.3,100,1,6.7,1,6.7,6.7,5,9.1,25,138,
274,Chubba Purdy,Florida State,ACC,1,5,5,100,98,2,40,0,0,19.6,27.6,19.6,98,396.6,
275,Jarrett Guest*,Coastal Carolina,Sun Belt,6,9,10,90,96,1,10,0,0,9.6,11.6,10.7,16,203.6,
276,Jordan Moore,Duke,ACC,10,9,19,47.4,95,1,5.3,0,0,5,6.05,10.6,9.5,106.7,
277,Ryan Glover,California,Pac-12,1,11,29,37.9,94,0,0,0,0,3.2,3.24,8.5,94,65.2,
278,Tyhier Tyler*,Army,Ind,12,4,8,50,93,2,25,1,12.5,11.6,11,23.3,7.8,205.2,
279,Antavious Willis,Southern Mississippi,CUSA,12,9,11,81.8,92,1,9.1,1,9.1,8.4,6.09,10.2,7.7,163.9,
280,Beau Allen*,Kentucky,SEC,3,8,12,66.7,92,0,0,0,0,7.7,7.67,11.5,30.7,131.1,
281,Trenton Bourguet*,Arizona State,Pac-12,4,7,10,70,91,1,10,0,0,9.1,11.1,13,22.8,179.4,
282,Drake Maye*,North Carolina,ACC,4,7,10,70,89,1,10,0,0,8.9,10.9,12.7,22.3,177.8,
283,Jamarye Joiner,Arizona,Pac-12,8,4,10,40,89,2,20,0,0,8.9,12.9,22.3,11.1,180.8,
284,Kai Horton,Tulane,American,5,8,19,42.1,88,0,0,3,15.8,4.6,-2.47,11,17.6,49.4,
285,Emmett Morehead,Boston College,ACC,2,6,16,37.5,87,0,0,0,0,5.4,5.44,14.5,43.5,83.2,
286,Ty Thompson*,Oregon,Pac-12,3,7,15,46.7,87,2,13.3,1,6.7,5.8,5.47,12.4,29,126.1,
287,Ta'Quan Roberson*,Penn State,Big Ten,4,11,28,39.3,85,1,3.6,2,7.1,3,0.54,7.7,21.3,62.3,
288,Evan Conley*,Louisville,ACC,5,10,19,52.6,79,1,5.3,0,0,4.2,5.21,7.9,15.8,104.9,
289,Sam Jackson,Texas Christian,Big 12,2,1,1,100,77,0,0,0,0,77,77,77,38.5,746.8,
290,Donovan Edwards*,Michigan,Big Ten,12,1,1,100,75,1,100,0,0,75,95,75,6.3,1060,
291,Maasai Maynor,Navy,American,3,6,13,46.2,74,0,0,0,0,5.7,5.69,12.3,24.7,94,
292,Miller Moss,USC,Pac-12,2,8,13,61.5,74,1,7.7,0,0,5.7,7.23,9.3,37,134.7,
293,Mariano Valenti,Temple,American,3,10,14,71.4,73,0,0,0,0,5.2,5.21,7.3,24.3,115.2,
294,Tucker Gleason*,Toledo,MAC,3,5,9,55.6,69,0,0,0,0,7.7,7.67,13.8,23,120,
295,Johnny Langan*,Rutgers,Big Ten,13,6,9,66.7,68,1,11.1,0,0,7.6,9.78,11.3,5.2,166.8,
296,Michael Kern*,Wake Forest,ACC,3,2,5,40,67,0,0,0,0,13.4,13.4,33.5,22.3,152.6,
297,Ryan O'Keefe*,UCF,American,13,3,3,100,66,2,66.7,0,0,22,35.33,22,5.1,504.8,
298,Nate Hampton*,Liberty,Ind,1,1,4,25,63,1,25,0,0,15.8,20.75,63,63,239.8,
299,Cole Kramer*,Minnesota,Big Ten,8,3,3,100,62,2,66.7,0,0,20.7,34,20.7,7.8,493.6,
300,Micah Leon,Connecticut,Ind,1,10,13,76.9,62,0,0,0,0,4.8,4.77,6.2,62,117,
301,Calvin Brownholtz*,UTEP,CUSA,12,2,7,28.6,60,1,14.3,1,14.3,8.6,5,30,5,119.1,
302,Ricky Pearsall*,Arizona State,Pac-12,13,2,2,100,59,1,50,0,0,29.5,39.5,29.5,4.5,512.8,
303,Hunter Helms*,Clemson,ACC,2,5,13,38.5,58,0,0,0,0,4.5,4.46,11.6,29,75.9,
304,Warren Bryan*,Air Force,MWC,5,3,7,42.9,58,1,14.3,0,0,8.3,11.14,19.3,11.6,159.6,
305,Bryson Carroll,New Mexico,MWC,2,8,10,80,57,1,10,0,0,5.7,7.7,7.1,28.5,160.9,
306,Braden Smith*,Louisville,ACC,4,2,3,66.7,54,1,33.3,0,0,18,24.67,27,13.5,327.9,
307,Carson Baker*,Western Kentucky,CUSA,1,1,1,100,54,1,100,0,0,54,74,54,54,883.6,
308,Colby Suits,Louisiana-Monroe,Sun Belt,3,8,13,61.5,54,0,0,1,7.7,4.2,0.69,6.8,18,81,
309,Kaylan Wiggins,Florida International,CUSA,2,4,7,57.1,52,0,0,0,0,7.4,7.43,13,26,119.5,
310,Jalen Cropper*,Fresno State,MWC,13,1,2,50,51,1,50,0,0,25.5,35.5,51,3.9,429.2,
311,Logan Fife*,Fresno State,MWC,1,7,13,53.8,51,1,7.7,1,7.7,3.9,2,7.3,51,96.8,
312,Evan Olaes,Colorado State,MWC,3,7,12,58.3,50,0,0,1,8.3,4.2,0.42,7.1,16.7,76.7,
313,Jalen Mayden*,San Diego State,MWC,1,5,6,83.3,50,1,16.7,0,0,8.3,11.67,10,50,208.3,
314,Jaylen Henderson*,Fresno State,MWC,3,5,8,62.5,49,0,0,0,0,6.1,6.13,9.8,16.3,114,
315,Xavier Hutchinson*,Iowa State,Big 12,13,1,1,100,49,1,100,0,0,49,69,49,3.8,841.6,
316,Ari Patu,Stanford,Pac-12,2,8,16,50,48,1,6.3,1,6.3,3,1.44,6,24,83.3,
317,Jack Sears,Boise State,MWC,4,2,6,33.3,48,0,0,1,16.7,8,0.5,24,12,67.2,
318,Will Haskell*,San Diego State,MWC,3,4,7,57.1,47,0,0,0,0,6.7,6.71,11.8,15.7,113.5,
319,Cam Fancher*,Marshall,CUSA,2,3,6,50,46,0,0,0,0,7.7,7.67,15.3,23,114.4,
320,Isaiah Sanders,Stanford,Pac-12,11,3,6,50,46,0,0,0,0,7.7,7.67,15.3,4.2,114.4,
321,Malik Hornsby*,Arkansas,SEC,7,5,12,41.7,46,0,0,0,0,3.8,3.83,9.2,6.6,73.9,
322,Amare Jones,Georgia Southern,Sun Belt,10,4,8,50,45,0,0,1,12.5,5.6,0,11.3,4.5,72.3,
323,Gavin Wimsatt*,Rutgers,Big Ten,4,9,21,42.9,45,0,0,2,9.5,2.1,-2.14,5,11.3,41.8,
324,Jacob Conover*,BYU,Ind,2,5,10,50,45,0,0,0,0,4.5,4.5,9,22.5,87.8,
325,Austin Burton*,Purdue,Big Ten,7,5,7,71.4,44,0,0,0,0,6.3,6.29,8.8,6.3,124.2,
326,Cammon Cooper*,Washington State,Pac-12,4,4,7,57.1,44,0,0,1,14.3,6.3,-0.14,11,11,81.4,
327,Connor Genal,New Mexico,MWC,2,5,14,35.7,44,0,0,1,7.1,3.1,-0.07,8.8,22,47.8,
328,D.J. Stubbs*,Liberty,Ind,11,1,1,100,44,0,0,0,0,44,44,44,4,469.6,
329,Kai Kroeger*,South Carolina,SEC,13,1,1,100,44,1,100,0,0,44,64,44,3.4,799.6,
330,Tory Horton*,Nevada,MWC,12,1,1,100,44,0,0,0,0,44,44,44,3.7,469.6,
331,Anthony Russo*,Michigan State,Big Ten,3,7,9,77.8,43,0,0,0,0,4.8,4.78,6.1,14.3,117.9,
332,Jahan Dotson*,Penn State,Big Ten,12,2,2,100,43,0,0,0,0,21.5,21.5,21.5,3.6,280.6,
333,Samson Evans*,Eastern Michigan,MAC,12,4,4,100,43,3,75,0,0,10.8,25.75,10.8,3.6,437.8,
334,Jacob Zeno*,Baylor,Big 12,2,1,3,33.3,41,0,0,0,0,13.7,13.67,41,20.5,148.1,
335,Jalen Milroe*,Alabama,SEC,4,3,7,42.9,41,1,14.3,0,0,5.9,8.71,13.7,10.3,139.2,
336,Lew Nichols*,Central Michigan,MAC,13,3,3,100,41,0,0,0,0,13.7,13.67,13.7,3.2,214.8,
337,Trent Whittemore*,Florida,SEC,11,3,4,75,41,2,50,0,0,10.3,20.25,13.7,3.7,326.1,
338,Rodrigues Clark,Memphis,American,10,1,1,100,40,1,100,0,0,40,60,40,4,766,
339,CJ Montes,New Mexico,MWC,3,10,33,30.3,39,0,0,2,6.1,1.2,-1.55,3.9,13,28.1,
340,Kaidon Salter*,Liberty,Ind,2,1,2,50,39,1,50,0,0,19.5,29.5,39,19.5,378.8,
341,Cameron Odom,Ohio,MAC,12,1,2,50,38,0,0,0,0,19,19,38,3.2,209.6,
342,Drew Zaubi*,Western Kentucky,CUSA,7,3,4,75,38,0,0,0,0,9.5,9.5,12.7,5.4,154.8,
343,Evan Prater*,Cincinnati,American,7,5,11,45.5,38,2,18.2,1,9.1,3.5,3,7.6,5.4,116.3,
344,Chris Smith*,Louisiana,Sun Belt,13,1,1,100,37,1,100,0,0,37,57,37,2.8,740.8,
345,Jared Wayne*,Pitt,ACC,13,2,3,66.7,36,1,33.3,0,0,12,18.67,18,2.8,277.5,
346,Andrew Brito*,UCF,American,3,2,2,100,35,0,0,0,0,17.5,17.5,17.5,11.7,247,
347,Drew Carter,Colorado,Pac-12,6,5,12,41.7,35,0,0,0,0,2.9,2.92,7,5.8,66.2,
348,Derek Wright*,Utah State,MWC,14,1,2,50,34,0,0,0,0,17,17,34,2.4,192.8,
349,Kekoa Crawford,California,Pac-12,11,1,1,100,34,0,0,0,0,34,34,34,3.1,385.6,
350,Malik Williams*,Appalachian State,Sun Belt,14,1,2,50,34,1,50,0,0,17,27,34,2.4,357.8,
351,Tyjon Lindsey*,Oregon State,Pac-12,10,1,1,100,34,0,0,0,0,34,34,34,3.4,385.6,
352,Joshua Cephus*,UTSA,CUSA,14,2,3,66.7,33,1,33.3,0,0,11,17.67,16.5,2.4,269.1,
353,Kyle Maxwell,Louisiana Tech,CUSA,11,1,1,100,33,1,100,0,0,33,53,33,3,707.2,
354,Tahj Magee,Louisiana Tech,CUSA,12,1,1,100,33,0,0,0,0,33,33,33,2.8,377.2,
355,Tommy Heatherly,Florida International,CUSA,12,2,2,100,33,0,0,0,0,16.5,16.5,16.5,2.8,238.6,
356,Brenden Brady*,UTSA,CUSA,8,2,3,66.7,32,0,0,0,0,10.7,10.67,16,4,156.3,
357,Reid Bauer*,Arkansas,SEC,13,1,1,100,32,1,100,0,0,32,52,32,2.5,698.8,
358,Billy Wiles*,Clemson,ACC,1,2,4,50,31,1,25,0,0,7.8,12.75,15.5,31,197.6,
359,Ben Finley,North Carolina State,ACC,4,5,9,55.6,28,0,0,0,0,3.1,3.11,5.6,7,81.7,
360,Will Crowder*,West Virginia,Big 12,1,2,2,100,28,0,0,0,0,14,14,14,28,217.6,
361,Isaiah Washington*,Rutgers,Big Ten,12,1,2,50,27,0,0,0,0,13.5,13.5,27,2.3,163.4,
362,Jalen Walker*,Miami (OH),MAC,13,1,1,100,27,0,0,0,0,27,27,27,2.1,326.8,
363,Tahj Bullock*,Virginia Tech,ACC,1,2,4,50,27,0,0,0,0,6.8,6.75,13.5,27,106.7,
364,Tate Martell,Nevada-Las Vegas,MWC,2,2,6,33.3,27,0,0,0,0,4.5,4.5,13.5,13.5,71.1,
365,Warren Thompson*,Arkansas,SEC,13,1,2,50,27,0,0,1,50,13.5,-9,27,2.1,63.4,
366,Avery Atkins*,LSU,SEC,13,1,2,50,26,0,0,1,50,13,-9.5,26,2,59.2,
367,Dan Villari*,Michigan,Big Ten,4,1,3,33.3,26,0,0,0,0,8.7,8.67,26,6.5,106.1,
368,Darius Bracy*,Central Michigan,MAC,8,3,3,100,26,1,33.3,0,0,8.7,15.33,8.7,3.3,282.8,
369,Dylan Plautz,Stanford,Pac-12,1,2,5,40,26,0,0,1,20,5.2,-3.8,13,26,43.7,
370,Jay Rose,Connecticut,Ind,10,1,2,50,26,0,0,0,0,13,13,26,2.6,159.2,
371,Jayson Jackson*,Ball State,MAC,13,1,2,50,26,0,0,0,0,13,13,26,2,159.2,
372,Matthew Downing,Texas Christian,Big 12,3,3,4,75,26,0,0,0,0,6.5,6.5,8.7,8.7,129.6,
373,Neil Pau'u*,BYU,Ind,10,3,3,100,26,0,0,0,0,8.7,8.67,8.7,2.6,172.8,
374,Cam Johnson,Vanderbilt,SEC,12,1,1,100,25,0,0,0,0,25,25,25,2.1,310,
375,Isaac Ross,Massachusetts,Ind,10,1,1,100,25,0,0,0,0,25,25,25,2.5,310,
376,Jeremy Moussa,Vanderbilt,SEC,2,5,8,62.5,24,0,0,0,0,3,3,4.8,12,87.7,
377,Preston Stone,SMU,American,3,3,7,42.9,24,0,0,0,0,3.4,3.43,8,8,71.7,
378,Bryson Barnes*,Utah,Pac-12,3,2,2,100,23,1,50,0,0,11.5,21.5,11.5,7.7,361.6,
379,Ethan Hampton*,Northern Illinois,MAC,3,4,10,40,23,0,0,0,0,2.3,2.3,5.8,7.7,59.3,
380,Tee Webb,Southern Mississippi,CUSA,5,4,11,36.4,23,0,0,2,18.2,2.1,-6.09,5.8,4.6,17.6,
381,Tucker Melton,Bowling Green,MAC,4,2,10,20,23,0,0,1,10,2.3,-2.2,11.5,5.8,19.3,
382,Bub Means,Louisiana Tech,CUSA,11,1,1,100,22,0,0,0,0,22,22,22,2,284.8,
383,Jay Butterfield*,Oregon,Pac-12,1,2,3,66.7,22,0,0,0,0,7.3,7.33,11,22,128.3,
384,Zamar Wise,Massachusetts,Ind,7,6,9,66.7,22,0,0,0,0,2.4,2.44,3.7,3.1,87.2,
385,Luca Diamont,Duke,ACC,2,2,3,66.7,21,0,0,0,0,7,7,10.5,10.5,125.5,
386,Mason Garcia,East Carolina,American,6,2,3,66.7,21,1,33.3,1,33.3,7,-1.33,10.5,3.5,168.8,
387,Jack Salopek*,Western Michigan,MAC,2,3,5,60,20,0,0,0,0,4,4,6.7,10,93.6,
388,Jonah Wieland,Ohio,MAC,12,1,1,100,20,0,0,0,0,20,20,20,1.7,268,
389,Ralph Rucker*,Oklahoma,Big 12,1,2,2,100,20,0,0,0,0,10,10,10,20,184,
390,Sam Kenerson,Georgia Southern,Sun Belt,7,2,3,66.7,20,0,0,1,33.3,6.7,-8.33,10,2.9,56,
391,Carl Richardson,Northwestern,Big Ten,4,2,4,50,19,0,0,0,0,4.8,4.75,9.5,4.8,89.9,
392,Colten Gauthier*,South Carolina,SEC,1,1,1,100,19,0,0,0,0,19,19,19,19,259.6,
393,Dontario Drummond*,Ole Miss,SEC,12,1,1,100,19,0,0,0,0,19,19,19,1.6,259.6,
394,Blake Bost,Texas A&M,SEC,4,2,7,28.6,18,0,0,1,14.3,2.6,-3.86,9,4.5,21.6,
395,Dontayvion Wicks,Virginia,ACC,12,1,3,33.3,18,0,0,0,0,6,6,18,1.5,83.7,
396,Jordan Stout*,Penn State,Big Ten,13,1,2,50,18,0,0,0,0,9,9,18,1.4,125.6,
397,Kenny McIntosh*,Georgia,SEC,14,1,1,100,18,1,100,0,0,18,38,18,1.3,581.2,
398,Joey Gatewood*,UCF,American,10,2,8,25,17,1,12.5,0,0,2.1,4.63,8.5,1.7,84.1,
399,Matt Masker,Nebraska,Big Ten,2,3,3,100,17,0,0,0,0,5.7,5.67,5.7,8.5,147.6,
400,Will Spiers*,Clemson,ACC,13,1,1,100,17,0,0,0,0,17,17,17,1.3,242.8,
401,Austin Smith*,Eastern Michigan,MAC,1,1,1,100,16,0,0,0,0,16,16,16,16,234.4,
402,Chance Warren,Navy,American,12,1,1,100,16,0,0,0,0,16,16,16,1.3,234.4,
403,Ethan Bullock*,Oklahoma State,Big 12,3,2,3,66.7,16,0,0,0,0,5.3,5.33,8,5.3,111.5,
404,Harrison Bailey*,Tennessee,SEC,1,3,7,42.9,16,0,0,0,0,2.3,2.29,5.3,16,62.1,
405,Chaucey Magwood*,Kentucky,SEC,13,1,1,100,15,0,0,0,0,15,15,15,1.2,226,
406,Dominic Johnson,Buffalo,MAC,12,1,1,100,15,0,0,0,0,15,15,15,1.3,226,
407,Jacob Drena,Connecticut,Ind,1,2,3,66.7,15,0,0,0,0,5,5,7.5,15,108.7,
408,Tyler Hunt*,Michigan State,Big Ten,11,1,1,100,15,0,0,0,0,15,15,15,1.4,226,
409,Christian Daniels,Tulane,American,4,2,2,100,14,0,0,0,0,7,7,7,3.5,158.8,
410,Quadry Jones*,UCF,American,1,1,1,100,14,0,0,0,0,14,14,14,14,217.6,
411,Chance McDonald*,Western Kentucky,CUSA,2,1,5,20,13,0,0,1,20,2.6,-6.4,13,6.5,1.8,
412,CJ Daniels*,Liberty,Ind,13,1,1,100,13,0,0,0,0,13,13,13,1,209.2,
413,Dylan Drummond*,Eastern Michigan,MAC,13,1,1,100,13,1,100,0,0,13,33,13,1,539.2,
414,Justice McCoy,Colorado State,MWC,12,1,2,50,12,0,0,0,0,6,6,12,1,100.4,
415,Natano Woods,San Jose State,MWC,2,4,7,57.1,12,0,0,0,0,1.7,1.71,3,6,71.5,
416,Ryan Wright,Tulane,American,12,1,2,50,12,0,0,0,0,6,6,12,1,100.4,
417,Tyler Pape*,Central Michigan,MAC,1,2,2,100,12,0,0,0,0,6,6,6,12,150.4,
418,Isaiah Garcia-Castaneda,New Mexico State,Ind,10,1,2,50,11,1,50,0,0,5.5,15.5,11,1.1,261.2,
419,Javion Posey,Florida Atlantic,CUSA,10,1,1,100,11,0,0,0,0,11,11,11,1.1,192.4,
420,Joey Marousek,Akron,MAC,1,3,5,60,11,0,0,0,0,2.2,2.2,3.7,11,78.5,
421,Braxton Barker*,Alabama,SEC,1,1,1,100,10,0,0,0,0,10,10,10,10,184,
422,Mario Williams*,Oklahoma,Big 12,12,1,1,100,10,0,0,0,0,10,10,10,0.8,184,
423,Alan Bowman*,Michigan,Big Ten,3,2,4,50,9,0,0,1,25,2.3,-9,4.5,3,18.9,
424,Chandler Pittman,Southern Mississippi,CUSA,6,1,1,100,9,0,0,0,0,9,9,9,1.5,175.6,
425,Ryan Rizk,Miami (FL),ACC,2,1,2,50,9,0,0,0,0,4.5,4.5,9,4.5,87.8,
426,Sione Tupou,Texas State,Sun Belt,12,1,1,100,9,0,0,0,0,9,9,9,0.8,175.6,
427,Gabriel Rogers,Memphis,American,9,1,1,100,8,0,0,0,0,8,8,8,0.9,167.2,
428,Hassan Beydoun*,Eastern Michigan,MAC,13,1,1,100,8,0,0,0,0,8,8,8,0.6,167.2,
429,Leo Kelly*,Wake Forest,ACC,3,1,4,25,8,0,0,1,25,2,-9.25,8,2.7,-8.2,
430,Sam Vidlak*,Oregon State,Pac-12,1,2,3,66.7,8,0,0,0,0,2.7,2.67,4,8,89.1,
431,Walker Eget,San Jose State,MWC,1,1,8,12.5,8,0,0,0,0,1,1,8,8,20.9,
432,Kenny Scribner,South Florida,American,10,1,1,100,7,0,0,0,0,7,7,7,0.7,158.8,
433,Kinkead Dent*,Ole Miss,SEC,3,2,4,50,7,0,0,0,0,1.8,1.75,3.5,2.3,64.7,
434,Tate Rodemaker,Florida State,ACC,3,1,2,50,7,0,0,0,0,3.5,3.5,7,2.3,79.4,
435,Taye Barber,Texas Christian,Big 12,12,1,2,50,7,0,0,0,0,3.5,3.5,7,0.6,79.4,
436,Weston Eget,New Mexico State,Ind,2,1,10,10,7,0,0,0,0,0.7,0.7,7,3.5,15.9,
437,Brennan Presley*,Oklahoma State,Big 12,14,1,2,50,6,0,0,0,0,3,3,6,0.4,75.2,
438,Gaston Moore*,Tennessee,SEC,1,2,2,100,6,0,0,0,0,3,3,3,6,125.2,
439,John Rhys Plumlee*,Ole Miss,SEC,13,1,1,100,6,0,0,0,0,6,6,6,0.5,150.4,
440,Josh Vann*,South Carolina,SEC,13,1,1,100,6,0,0,0,0,6,6,6,0.5,150.4,
441,Tyquan Thornton*,Baylor,Big 12,14,1,1,100,6,1,100,0,0,6,26,6,0.4,480.4,
442,JaMichael Thompson*,Middle Tennessee State,CUSA,11,1,1,100,5,0,0,0,0,5,5,5,0.5,142,
443,Joah Flores,New Mexico,MWC,6,1,1,100,5,0,0,0,0,5,5,5,0.8,142,
444,Jordan Jones*,Cincinnati,American,5,1,1,100,5,1,100,0,0,5,25,5,1,472,
445,Trae Hall,New Mexico,MWC,8,1,2,50,5,0,0,0,0,2.5,2.5,5,0.6,71,
446,Zachary Stevens*,Coastal Carolina,Sun Belt,1,1,1,100,5,1,100,0,0,5,25,5,5,472,
447,Demetrius Knight,Georgia Tech,ACC,6,1,1,100,4,0,0,0,0,4,4,4,0.7,133.6,
448,Demetrius Knight II,Georgia Tech,ACC,12,1,1,100,4,0,0,0,0,4,4,4,0.3,133.6,
449,Kalil Pimpleton*,Central Michigan,MAC,13,1,2,50,4,0,0,0,0,2,2,4,0.3,66.8,
450,Parker Navarro*,UCF,American,5,1,2,50,4,0,0,0,0,2,2,4,0.8,66.8,
451,Clint Ratkovich*,Northern Illinois,MAC,14,1,1,100,3,0,0,0,0,3,3,3,0.2,125.2,
452,Dajon Richard,Southern Mississippi,CUSA,11,1,1,100,3,0,0,0,0,3,3,3,0.3,125.2,
453,JaCobian Morgan,Syracuse,ACC,2,1,1,100,3,0,0,0,0,3,3,3,1.5,125.2,
454,Tayvion Robinson*,Virginia Tech,ACC,12,1,1,100,3,1,100,0,0,3,23,3,0.3,455.2,
455,Tory Taylor*,Iowa,Big Ten,14,1,1,100,3,0,0,0,0,3,3,3,0.2,125.2,
456,Clay Millen*,Nevada,MWC,2,1,2,50,2,0,0,0,0,1,1,2,1,58.4,
457,Derek Green,SMU,American,12,2,5,40,2,0,0,0,0,0.4,0.4,1,0.2,43.4,
458,Deuce Hogan*,Iowa,Big Ten,1,1,1,100,2,0,0,0,0,2,2,2,2,116.8,
459,Mikele Colasurdo*,Georgia State,Sun Belt,11,2,2,100,2,0,0,0,0,1,1,1,0.2,108.4,
460,Roschon Johnson,Texas,Big 12,12,1,1,100,2,0,0,0,0,2,2,2,0.2,116.8,
461,Will Shipley*,Clemson,ACC,10,1,1,100,2,1,100,0,0,2,22,2,0.2,446.8,
462,Isiah Pacheco*,Rutgers,Big Ten,12,1,1,100,1,0,0,0,0,1,1,1,0.1,108.4,
463,Patrick O'Brien,Washington,Pac-12,2,1,3,33.3,1,0,0,0,0,0.3,0.33,1,0.5,36.1,
464,A.J. Davis*,UAB,CUSA,11,0,1,0,0,0,0,0,0,0,0,,0,0,
465,Amad Anderson Jr.,Temple,American,11,0,1,0,0,0,0,1,100,0,-45,,0,-200,
466,Andrew Erickson,New Mexico,MWC,11,0,2,0,0,0,0,0,0,0,0,,0,0,
467,Behren Morton*,Texas Tech,Big 12,2,1,3,33.3,0,0,0,0,0,0,0,0,0,33.3,
468,Brock Vandagriff*,Georgia,SEC,2,0,1,0,0,0,0,0,0,0,0,,0,0,
469,Cade Ballard*,Army,Ind,3,0,2,0,0,0,0,1,50,0,-22.5,,0,-100,
470,Caleb Griffin,Illinois,Big Ten,2,0,1,0,0,0,0,0,0,0,0,,0,0,
471,Calvin Turner,Hawaii,MWC,13,0,1,0,0,0,0,0,0,0,0,,0,0,
472,Casey Washington,Illinois,Big Ten,12,0,2,0,0,0,0,0,0,0,0,,0,0,
473,Chance Luper*,Missouri,SEC,8,0,1,0,0,0,0,0,0,0,0,,0,0,
474,Dane Kinamon*,Air Force,MWC,12,0,1,0,0,0,0,1,100,0,-45,,0,-200,
475,Davis Koetter,Boise State,MWC,11,0,1,0,0,0,0,0,0,0,0,,0,0,
476,De'Vion Warren*,Arkansas,SEC,13,0,2,0,0,0,0,0,0,0,0,,0,0,
477,Devonte Lee*,Nevada,MWC,13,0,1,0,0,0,0,0,0,0,0,,0,0,
478,Devyn McCormick,Louisiana-Monroe,Sun Belt,12,0,1,0,0,0,0,0,0,0,0,,0,0,
479,Drew Cassens*,Northern Illinois,MAC,10,0,1,0,0,0,0,0,0,0,0,,0,0,
480,Gavin Williams*,Iowa,Big Ten,14,0,1,0,0,0,0,0,0,0,0,,0,0,
481,Ira Armstead,Virginia,ACC,9,0,2,0,0,0,0,0,0,0,0,,0,0,
482,Isaiah Williams,Illinois,Big Ten,12,0,1,0,0,0,0,0,0,0,0,,0,0,
483,Isiah Cox,Ohio,MAC,10,0,1,0,0,0,0,0,0,0,0,,0,0,
484,Jack Albers*,Purdue,Big Ten,13,0,1,0,0,0,0,1,100,0,-45,,0,-200,
485,Jackson Anthrop*,Purdue,Big Ten,13,0,1,0,0,0,0,0,0,0,0,,0,0,
486,Jaden Walley*,Mississippi State,SEC,13,0,1,0,0,0,0,0,0,0,0,,0,0,
487,Jaedyn McKinstry,Bowling Green,MAC,12,0,2,0,0,0,0,1,50,0,-22.5,,0,-100,
488,Jakarius Caston,Southern Mississippi,CUSA,12,0,1,0,0,0,0,0,0,0,0,,0,0,
489,Jake Smithhart,Southern Mississippi,CUSA,2,0,1,0,0,0,0,0,0,0,0,,0,0,
490,Jalen McMillan,Washington,Pac-12,11,0,1,0,0,0,0,0,0,0,0,,0,0,
491,Jared Sparks,Louisiana-Monroe,Sun Belt,11,0,1,0,0,0,0,0,0,0,0,,0,0,
492,Jason Goldstein,Southern Mississippi,CUSA,3,0,1,0,0,0,0,1,100,0,-45,,0,-200,
493,Je'Quan Burton,Florida Atlantic,CUSA,12,0,1,0,0,0,0,0,0,0,0,,0,0,
494,John Paul Richardson*,Oklahoma State,Big 12,10,0,1,0,0,0,0,0,0,0,0,,0,0,
495,John Stephen Jones*,Arkansas,SEC,2,0,1,0,0,0,0,0,0,0,0,,0,0,
496,Jordan Burch*,South Carolina,SEC,13,0,1,0,0,0,0,1,100,0,-45,,0,-200,
497,Kaylon Geiger*,Texas Tech,Big 12,13,0,2,0,0,0,0,1,50,0,-22.5,,0,-100,
498,Khalil Shakir,Boise State,MWC,12,0,1,0,0,0,0,1,100,0,-45,,0,-200,
499,Konata Mumpfield,Akron,MAC,12,0,1,0,0,0,0,0,0,0,0,,0,0,
500,Kyle Monangai*,Rutgers,Big Ten,11,0,1,0,0,0,0,0,0,0,0,,0,0,
